symbol,ipoDate,Completed
INSE,2016-12-29,True
VVPR,2016-12-29,False
USAS,2016-12-28,False
NISN,2016-12-27,False
CKPT,2016-12-19,False
YTRA,2016-12-19,False
TRVG,2016-12-16,False
ATXG,2016-12-12,False
ICHR,2016-12-09,False
SNES,2016-12-08,False
POLA,2016-12-07,False
ALBT,2016-12-06,False
PRTH,2016-12-06,False
IIPR,2016-12-01,False
INSW,2016-12-01,False
GRWG,2016-11-11,False
LW,2016-11-10,False
GECC,2016-11-04,False
SND,2016-11-04,False
LPTV,2016-11-03,False
GDS,2016-11-02,False
ADNT,2016-10-31,False
GOLF,2016-10-28,False
PHUN,2016-10-28,False
BL,2016-10-28,False
ZTO,2016-10-27,False
IRTC,2016-10-20,False
CRSP,2016-10-19,False
AA,2016-10-18,False
YUMC,2016-10-17,False
TUSK,2016-10-14,False
FWBI,2016-10-11,False
MRAM,2016-10-07,False
CWH,2016-10-07,False
RSLS,2016-10-06,False
WORX,2016-10-06,False
ARCH,2016-10-05,False
VST,2016-10-04,False
SD,2016-10-04,False
ASIX,2016-10-03,False
DFIN,2016-10-03,False
NTNX,2016-09-30,False
FLGT,2016-09-29,False
MRT,2016-09-29,False
SISI,2016-09-28,False
ACIU,2016-09-23,False
VINO,2016-09-23,False
VVV,2016-09-23,False
CSTR,2016-09-22,False
ELF,2016-09-22,False
TTD,2016-09-21,False
EVBG,2016-09-16,False
EMP,2016-09-16,False
FBK,2016-09-16,False
NTB,2016-09-16,False
ADV,2016-09-15,False
CTBB,2016-08-23,False
ASAP,2016-08-18,False
AMR,2016-08-18,False
ELC,2016-08-18,False
EAI,2016-08-17,False
AIRG,2016-08-12,False
MEDP,2016-08-11,False
PTGX,2016-08-11,False
CLPT,2016-08-08,False
ATOM,2016-08-05,False
NRBO,2016-08-05,False
SKYX,2016-08-05,False
FHB,2016-08-04,False
QNRX,2016-07-29,False
ZOM,2016-07-29,False
KNSL,2016-07-28,False
PAVM,2016-07-28,False
TCMD,2016-07-28,False
SRTS,2016-07-26,False
MYSZ,2016-07-25,False
TPIC,2016-07-22,False
PI,2016-07-21,False
APVO,2016-07-20,False
BPRN,2016-07-12,False
CRON,2016-07-12,False
FTV,2016-07-01,False
HONE,2016-06-30,False
SYRS,2016-06-30,False
GMRE,2016-06-29,False
TWLO,2016-06-23,False
RNAC,2016-06-22,False
BBU,2016-06-17,False
MHLA,2016-06-15,False
OTLK,2016-06-14,False
RZB,2016-06-13,False
ATKR,2016-06-10,False
COE,2016-06-10,False
PROF,2016-06-09,False
CLSD,2016-06-02,False
MBRX,2016-06-02,False
USFD,2016-05-26,False
ZDGE,2016-05-26,False
GMS,2016-05-26,False
MSBI,2016-05-24,False
MRUS,2016-05-19,False
SUPV,2016-05-19,False
PLSE,2016-05-18,False
LEXX,2016-05-12,False
SITE,2016-05-12,False
TPB,2016-05-11,False
NTLA,2016-05-06,False
VTGN,2016-05-06,False
SBOW,2016-05-03,False
NGVT,2016-05-02,False
ULH,2016-05-02,False
GWRS,2016-04-28,False
ENIC,2016-04-27,False
RRR,2016-04-27,False
ISUN,2016-04-26,False
SCWX,2016-04-22,False
PR,2016-04-15,False
SYRE,2016-04-07,False
UA,2016-04-07,False
DTSS,2016-04-06,False
BBLG,2016-03-31,False
ENO,2016-03-24,False
CRVS,2016-03-23,False
MCVT,2016-03-21,False
SENS,2016-03-17,False
HCM,2016-03-17,False
NMRD,2016-03-04,False
SNDX,2016-03-03,False
BTCY,2016-02-18,False
KA,2016-02-11,False
BGNE,2016-02-03,False
EDIT,2016-02-03,False
RELI,2016-02-02,False
CLSK,2016-01-29,False
GMBL,2016-01-26,False
BLBX,2016-01-21,False
LMB,2016-01-21,False
BVFL,2016-01-13,False
ELVA,2016-01-08,False
SPI,2016-01-08,False
NNDM,2016-01-07,False
POWW,2016-01-07,False
MICS,2016-01-06,False
HGBL,2016-01-05,False
PTIX,2016-01-05,False
WTW,2016-01-05,False
ADVM,2016-01-04,False
CELH,2016-01-04,False
CGAU,2016-01-04,False
CRVO,2016-01-04,False
CXDO,2016-01-04,False
EPSN,2016-01-04,False
GWAV,2016-01-04,False
MNSB,2016-01-04,False
NOMD,2016-01-04,False
NOVT,2016-01-04,False
NXPL,2016-01-04,False
POET,2016-01-04,False
PPIH,2016-01-04,False
SMID,2016-01-04,False
SUNW,2016-01-04,False
THTX,2016-01-04,False
TOMZ,2016-01-04,False
VTSI,2016-01-04,False
WINT,2016-01-04,False
ATS,2016-01-04,False
BVH,2016-01-04,False
FTS,2016-01-04,False
NIC,2016-01-04,False
NXE,2016-01-04,False
OCX,2016-01-04,False
RCM,2016-01-04,False
WPM,2016-01-04,False
NB,2016-01-04,False
OR,2016-01-04,False
GDC,2015-12-29,False
HUBB,2015-12-24,False
BCAL,2015-12-22,False
YRD,2015-12-18,False
AGR,2015-12-17,False
RMR,2015-12-15,False
QSAM,2015-12-11,False
TEAM,2015-12-10,False
LMFA,2015-12-08,False
SNAX,2015-12-08,False
BDRX,2015-12-07,False
OSG,2015-12-01,False
AC,2015-12-01,False
OMF,2015-11-27,False
AKTS,2015-11-20,False
DLTH,2015-11-20,False
PPBT,2015-11-20,False
AXSM,2015-11-19,False
MTCH,2015-11-19,False
SQ,2015-11-19,False
AVTX,2015-11-13,False
MESO,2015-11-13,False
EQBK,2015-11-11,False
VYGR,2015-11-11,False
WVE,2015-11-11,False
FCPT,2015-11-10,False
CELZ,2015-11-06,False
EDSA,2015-11-05,False
KURA,2015-11-05,False
AROC,2015-11-04,False
PXS,2015-11-03,False
SILV,2015-10-26,False
RACE,2015-10-21,False
LIVN,2015-10-19,False
XTNT,2015-10-19,False
HPE,2015-10-19,False
IVDA,2015-10-15,False
DSKE,2015-10-12,False
PMTS,2015-10-09,False
CTMX,2015-10-08,False
ACRS,2015-10-07,False
PSTG,2015-10-07,False
NVCR,2015-10-02,False
CSWI,2015-10-01,False
MSGS,2015-10-01,False
PDSB,2015-10-01,False
PFGC,2015-10-01,False
SGRY,2015-10-01,False
SYBX,2015-10-01,False
PJT,2015-10-01,False
AKTX,2015-09-21,False
PEN,2015-09-18,False
RGNX,2015-09-17,False
RMNI,2015-08-28,False
EVRI,2015-08-24,False
BNTC,2015-08-18,False
CNFR,2015-08-13,False
HLI,2015-08-13,False
PLNT,2015-08-06,False
MDGS,2015-08-05,False
ZYNE,2015-08-05,False
RUN,2015-08-05,False
GDEN,2015-08-04,False
INDP,2015-08-04,False
LITE,2015-08-04,False
VIAV,2015-08-04,False
ABUS,2015-08-03,False
AGFS,2015-08-03,False
BNED,2015-08-03,False
Z,2015-08-03,False
AQMS,2015-07-31,False
KPRX,2015-07-31,False
VTVT,2015-07-30,False
IBRX,2015-07-28,False
LOB,2015-07-23,False
PYPL,2015-07-20,False
MCFT,2015-07-17,False
OOMA,2015-07-17,False
RPD,2015-07-17,False
OLLI,2015-07-16,False
PVBC,2015-07-16,False
RILY,2015-07-16,False
EPIX,2015-07-09,False
GRNQ,2015-07-09,False
LIND,2015-07-09,False
KHC,2015-07-06,False
SRG,2015-07-06,False
LILA,2015-07-02,False
NTRA,2015-07-02,False
CABO,2015-07-01,False
CFMS,2015-07-01,False
TDOC,2015-07-01,False
BLD,2015-07-01,False
BW,2015-07-01,False
CC,2015-07-01,False
ALRM,2015-06-26,False
APPF,2015-06-26,False
MCRB,2015-06-26,False
GPP,2015-06-26,False
ATXS,2015-06-25,False
CETX,2015-06-25,False
GKOS,2015-06-25,False
LNTH,2015-06-25,False
TRU,2015-06-25,False
ENVB,2015-06-24,False
QLGN,2015-06-24,False
WRK,2015-06-24,False
ALPN,2015-06-17,False
WING,2015-06-12,False
SIOX,2015-06-11,False
EVH,2015-06-05,False
NEXT,2015-06-04,False
FSV,2015-06-02,False
GNL,2015-06-02,False
BETS,2015-06-01,False
BZUN,2015-05-21,False
CHCT,2015-05-21,False
SHOP,2015-05-21,False
APLE,2015-05-18,False
FTAI,2015-05-15,False
RKDA,2015-05-15,False
GLPG,2015-05-14,False
JAGX,2015-05-13,False
SCNI,2015-05-12,False
COLL,2015-05-07,False
LIFE,2015-05-07,False
ADAP,2015-05-06,False
OPGN,2015-05-05,False
BSM,2015-05-01,False
BPMC,2015-04-30,False
VKTX,2015-04-29,False
EVA,2015-04-29,False
NSA,2015-04-23,False
UNIT,2015-04-20,False
ETSY,2015-04-16,False
VIRT,2015-04-16,False
ZVRA,2015-04-16,False
CDTX,2015-04-15,False
KDNY,2015-04-15,False
XBIT,2015-04-15,False
PIRS,2015-04-13,False
DUOT,2015-04-10,False
KALV,2015-04-09,False
MFH,2015-04-08,False
KRNT,2015-04-02,False
GDDY,2015-04-01,False
BUR,2015-04-01,False
SEDG,2015-03-26,False
CLLS,2015-03-25,False
TANH,2015-03-24,False
AIC,2015-03-20,False
NXRT,2015-03-19,False
GSBD,2015-03-18,False
SUM,2015-03-12,False
INLX,2015-03-10,False
XELA,2015-03-09,False
SMMT,2015-03-05,False
CHEK,2015-03-04,False
RCKT,2015-02-18,False
AJX,2015-02-13,False
NVTA,2015-02-12,False
VSTO,2015-02-10,False
GP,2015-02-10,False
DEA,2015-02-06,False
XHR,2015-02-04,False
ATEX,2015-02-03,False
RENB,2015-02-02,False
VERB,2015-02-02,False
AVGR,2015-01-30,False
FNWB,2015-01-30,False
SHAK,2015-01-30,False
TCON,2015-01-30,False
SLRX,2015-01-29,False
ASND,2015-01-28,False
FNGR,2015-01-28,False
EURN,2015-01-23,False
BOX,2015-01-23,False
UE,2015-01-16,False
KEN,2015-01-14,False
QRVO,2015-01-02,False
INDV,2014-12-29,False
MOMO,2014-12-15,False
QSR,2014-12-15,False
JRVR,2014-12-12,False
WK,2014-12-12,False
LC,2014-12-11,False
OCGN,2014-12-03,False
UBS,2014-11-21,False
PGRE,2014-11-19,False
VANI,2014-11-19,False
FGEN,2014-11-14,False
AINC,2014-11-13,False
ENVA,2014-11-13,False
SLNO,2014-11-13,False
AXTA,2014-11-12,False
CRBP,2014-11-11,False
JYNT,2014-11-11,False
FRPT,2014-11-07,False
INCR,2014-11-07,False
TFIN,2014-11-07,False
CHRS,2014-11-06,False
NVRO,2014-11-06,False
UPLD,2014-11-06,False
XENE,2014-11-05,False
AM,2014-11-05,False
FFWM,2014-11-03,False
KE,2014-11-03,False
BOOT,2014-10-30,False
BSGM,2014-10-30,False
SIEN,2014-10-29,False
APTO,2014-10-23,False
DBVT,2014-10-22,False
TARA,2014-10-22,False
AVNS,2014-10-21,False
KEYS,2014-10-20,False
ATRA,2014-10-16,False
PLAY,2014-10-10,False
HUBS,2014-10-09,False
RLMD,2014-10-09,False
VBTX,2014-10-09,False
DRIO,2014-10-06,False
TRTL,2014-10-03,False
W,2014-10-02,False
VBLT,2014-10-01,False
AFGE,2014-09-24,False
CYBR,2014-09-24,False
CFG,2014-09-24,False
ICL,2014-09-24,False
AVAL,2014-09-23,False
TY-P,2014-09-22,False
CZR,2014-09-22,False
BABA,2014-09-19,False
PRQR,2014-09-18,False
ELDN,2014-09-17,False
VVX,2014-09-16,False
AFMD,2014-09-12,False
RWLK,2014-09-12,False
FENC,2014-09-09,False
AUPH,2014-09-03,False
OGI,2014-08-27,False
MTNB,2014-08-18,False
GNK,2014-08-18,False
ICD,2014-08-08,False
RYI,2014-08-08,False
TTOO,2014-08-07,False
WKHS,2014-08-07,False
CYTO,2014-08-06,False
CTLT,2014-07-31,False
ENLV,2014-07-31,False
MRNS,2014-07-31,False
HQY,2014-07-31,False
SYF,2014-07-31,False
WLKP,2014-07-30,False
VIA,2014-07-29,False
LOCO,2014-07-25,False
OCUL,2014-07-25,False
OEC,2014-07-25,False
WMS,2014-07-25,False
TSQ,2014-07-24,False
CCLD,2014-07-23,False
EFOI,2014-07-21,False
GLOB,2014-07-18,False
SAGE,2014-07-18,False
TRUP,2014-07-18,False
CDNA,2014-07-17,False
WTER,2014-07-17,False
IRMD,2014-07-16,False
ACB,2014-07-11,False
ISTR,2014-07-01,False
NERV,2014-07-01,False
XBIO,2014-06-30,False
DBRG,2014-06-27,False
HSDT,2014-06-27,False
STKS,2014-06-27,False
NEP,2014-06-27,False
GPRO,2014-06-26,False
AMPH,2014-06-25,False
MTLS,2014-06-25,False
XNET,2014-06-24,False
ARDX,2014-06-19,False
LRMR,2014-06-19,False
TMST,2014-06-19,False
VNOM,2014-06-18,False
VRDN,2014-06-18,False
CCS,2014-06-18,False
RYAM,2014-06-16,False
ASPN,2014-06-13,False
AY,2014-06-13,False
TSE,2014-06-12,False
ANET,2014-06-06,False
PCB,2014-06-04,False
CTRE,2014-05-29,False
AGRX,2014-05-23,False
HRTG,2014-05-23,False
SDPI,2014-05-23,False
JD,2014-05-22,False
DNOW,2014-05-20,False
CVEO,2014-05-19,False
TBPH,2014-05-16,False
AMTX,2014-05-15,False
SFBS,2014-05-14,False
SILO,2014-05-13,False
TOUR,2014-05-09,False
CMCM,2014-05-08,False
LPG,2014-05-08,False
BIVI,2014-05-05,False
TOON,2014-05-05,False
ALDX,2014-05-02,False
ARES,2014-05-02,False
SCYX,2014-05-02,False
RZLT,2014-05-01,False
BGSF,2014-04-29,False
IMUX,2014-04-17,False
LEJU,2014-04-17,False
NAVI,2014-04-17,False
SABR,2014-04-17,False
SPWH,2014-04-17,False
WB,2014-04-17,False
FSK,2014-04-16,False
MC,2014-04-16,False
PAYC,2014-04-15,False
CIO,2014-04-15,False
PAHC,2014-04-11,False
FPI,2014-04-11,False
ABTS,2014-04-10,False
ALLY,2014-04-10,False
DARE,2014-04-10,False
CGC,2014-04-07,False
FIVN,2014-04-04,False
TEDU,2014-04-03,False
MGNI,2014-04-02,False
FGF,2014-04-01,False
TWOU,2014-03-28,False
WATT,2014-03-28,False
OUT,2014-03-28,False
AGTC,2014-03-27,False
GOOG,2014-03-27,False
OXBR,2014-03-27,False
TNET,2014-03-27,False
MRKR,2014-03-25,False
ARAV,2014-03-21,False
ATEN,2014-03-21,False
PULM,2014-03-21,False
TSLX,2014-03-21,False
AKBA,2014-03-20,False
BLBD,2014-03-20,False
MDWD,2014-03-20,False
QTWO,2014-03-20,False
LE,2014-03-20,False
PCTY,2014-03-19,False
AMRK,2014-03-17,False
GLMD,2014-03-13,False
NGNE,2014-03-07,False
SCTL,2014-03-07,False
TPVG,2014-03-06,False
BTCS,2014-03-05,False
VRNS,2014-02-28,False
IVT,2014-02-24,False
SMLR,2014-02-21,False
EXPI,2014-02-19,False
FPAY,2014-02-19,False
INGN,2014-02-14,False
KN,2014-02-14,False
SINT,2014-02-13,False
IBP,2014-02-13,False
EGRX,2014-02-12,False
HEPA,2014-02-11,False
CARM,2014-02-06,False
ICMB,2014-02-06,False
LADR,2014-02-06,False
RVNC,2014-02-06,False
QURE,2014-02-05,False
GCI,2014-02-04,False
CBAY,2014-02-03,False
CARA,2014-01-31,False
MBUU,2014-01-31,False
RARE,2014-01-31,False
TRVN,2014-01-31,False
EIGR,2014-01-30,False
MYMD,2014-01-23,False
EKSO,2014-01-16,False
OGS,2014-01-16,False
GLYC,2014-01-10,False
ITCI,2014-01-07,False
PANL,2013-12-19,False
AMC,2013-12-18,False
ARMK,2013-12-12,False
HLT,2013-12-12,False
ATHM,2013-12-11,False
XNCR,2013-12-03,False
MHNC,2013-11-27,False
BTCM,2013-11-22,False
IPWR,2013-11-22,False
VNCE,2013-11-22,False
JMSB,2013-11-21,False
ALLE,2013-11-18,False
TNDM,2013-11-14,False
CHGG,2013-11-13,False
DLNG,2013-11-13,False
CEAD,2013-11-08,False
NMIH,2013-11-08,False
BANX,2013-11-07,False
FVCB,2013-11-07,False
ICCM,2013-11-07,False
LGIH,2013-11-07,False
KPTI,2013-11-06,False
BHR,2013-11-06,False
WIX,2013-11-06,False
AIMD,2013-11-04,False
TCS,2013-11-01,False
ESNT,2013-10-31,False
MMI,2013-10-31,False
CRTO,2013-10-30,False
VCYT,2013-10-30,False
BRX,2013-10-30,False
COMM,2013-10-25,False
NTIP,2013-10-25,False
LPCN,2013-10-22,False
ESI,2013-10-22,False
VJET,2013-10-18,False
ADMA,2013-10-17,False
PAGP,2013-10-16,False
VEEV,2013-10-16,False
GLPI,2013-10-14,False
MGNX,2013-10-10,False
AR,2013-10-10,False
FISK,2013-10-08,True
OGCP,2013-10-08,False
CHMI,2013-10-04,False
PBPB,2013-10-04,False
BURL,2013-10-02,False
ESBA,2013-10-02,False
ESRT,2013-10-02,False
RMAX,2013-10-02,False
FATE,2013-10-01,False
CNHI,2013-09-30,False
NVEE,2013-09-30,False
RNG,2013-09-27,False
AAOI,2013-09-26,False
PINC,2013-09-26,False
EVOK,2013-09-25,False
LRFC,2013-09-25,False
KODK,2013-09-23,False
TPCS,2013-09-18,False
VLRS,2013-09-18,False
SAIC,2013-09-16,False
LGMK,2013-08-19,False
MUSA,2013-08-19,False
SPNT,2013-08-15,False
IRT,2013-08-13,False
MIXT,2013-08-09,False
XPRO,2013-08-09,False
FOXF,2013-08-08,False
PGEN,2013-08-08,False
AMH,2013-08-01,False
ASC,2013-08-01,False
SFM,2013-08-01,False
TH,2013-07-25,False
AGIO,2013-07-24,False
NHWK,2013-07-24,False
REXR,2013-07-19,False
DOC,2013-07-19,False
CWEN,2013-07-17,False
DOOO,2013-07-16,False
MRTX,2013-07-15,False
NDLS,2013-06-28,False
SAMG,2013-06-27,False
CDW,2013-06-27,False
ESPR,2013-06-26,False
NSTG,2013-06-26,False
GOGO,2013-06-21,False
PTCT,2013-06-20,False
BLUE,2013-06-19,False
NWSA,2013-06-19,False
NWS,2013-06-19,False
COTY,2013-06-13,False
LITB,2013-06-06,False
OTRK,2013-06-06,False
CREX,2013-05-31,False
KMDA,2013-05-31,False
CSTM,2013-05-23,False
PETV,2013-05-23,False
NRC,2013-05-23,False
ARCT,2013-05-22,False
MAMA,2013-05-22,False
SOBR,2013-05-14,False
PFSI,2013-05-09,False
IQV,2013-05-09,False
AHH,2013-05-08,False
PPSI,2013-05-03,False
QIWI,2013-05-03,False
RITM,2013-05-02,False
VOYA,2013-05-02,False
AMBC,2013-05-01,False
EARN,2013-05-01,False
AEYE,2013-04-26,False
GCTK,2013-04-25,False
CULL,2013-04-19,False
SEAS,2013-04-19,False
HASI,2013-04-18,False
EVTC,2013-04-12,False
CMRX,2013-04-11,False
KNOP,2013-04-10,False
TMHC,2013-04-10,False
NUTX,2013-04-08,False
IBTX,2013-04-04,False
PRH,2013-03-27,False
MRIN,2013-03-22,False
LFT,2013-03-22,False
ENTA,2013-03-21,False
MODN,2013-03-20,False
APAM,2013-03-07,False
JXJT,2013-03-07,False
IPDN,2013-03-05,False
KTRA,2013-02-22,False
IGZ,2013-02-19,False
STAF,2013-02-15,False
ORC,2013-02-14,False
SBSW,2013-02-11,False
RC,2013-02-08,False
CETY,2013-02-07,False
BCC,2013-02-06,False
CBO,2013-02-04,False
ZTS,2013-02-01,False
TPH,2013-01-31,False
LAND,2013-01-29,False
NSS,2013-01-29,False
BFAM,2013-01-25,False
VTOL,2013-01-22,False
NCLH,2013-01-18,False
USAC,2013-01-15,False
RDHL,2013-01-07,False
ABBV,2013-01-02,False
CTSO,2013-01-02,False
ATNM,2012-12-27,False
PRTA,2012-12-21,False
AAMC,2012-12-13,False
PBF,2012-12-13,False
WES,2012-12-10,False
WHF,2012-12-06,False
ENJ,2012-12-05,False
SRAX,2012-12-03,False
YY,2012-11-21,False
WHLR,2012-11-19,False
ESOA,2012-11-16,False
TPST,2012-11-12,False
HEAT,2012-11-09,False
ATOS,2012-11-08,False
TVTX,2012-11-08,False
OFS,2012-11-08,False
SCM,2012-11-08,False
CANF,2012-11-06,False
VERO,2012-11-05,False
DKL,2012-11-02,False
RH,2012-11-02,False
MPLX,2012-10-26,False
CAPL,2012-10-25,False
MRCC,2012-10-25,False
FANG,2012-10-12,False
WDAY,2012-10-12,False
COSM,2012-10-11,False
HOUS,2012-10-11,False
SSTK,2012-10-11,False
AMBA,2012-10-10,False
RGLS,2012-10-09,False
BERY,2012-10-04,False
LXFR,2012-10-03,False
HY,2012-10-01,False
QLYS,2012-09-28,False
SMLP,2012-09-28,False
TPHS,2012-09-26,False
NBHC,2012-09-20,False
SRC,2012-09-20,False
SUN,2012-09-20,False
MVRK,2012-09-05,False
PARR,2012-09-05,False
CARE,2012-08-27,False
TTSH,2012-08-22,False
MANU,2012-08-10,False
PFMT,2012-08-10,False
BLMN,2012-08-08,False
GMED,2012-08-03,False
NGVC,2012-07-25,False
CHUY,2012-07-24,False
OMQS,2012-07-24,False
GOVX,2012-07-23,False
MINM,2012-07-23,False
NXTP,2012-07-23,False
ZYXI,2012-07-23,False
PANW,2012-07-20,False
FIVE,2012-07-19,False
HTBI,2012-07-11,False
FSBW,2012-07-10,False
NOW,2012-06-29,False
ALEX,2012-06-14,False
INVO,2012-05-21,False
META,2012-05-18,False
LND,2012-05-15,False
PHIO,2012-05-10,False
TGLS,2012-05-10,False
TNXP,2012-05-10,False
MARA,2012-05-04,False
TLYS,2012-05-04,False
CG,2012-05-03,False
SUPN,2012-05-01,False
ACRE,2012-04-27,False
CLIR,2012-04-25,False
TMQ,2012-04-25,False
PBYI,2012-04-24,False
AMPY,2012-04-20,False
IZEA,2012-04-19,False
SPLK,2012-04-19,False
VISL,2012-04-18,False
IMMP,2012-04-17,False
FET,2012-04-12,False
MRC,2012-04-12,False
OPT,2012-04-12,False
PSX,2012-04-12,False
SPLP,2012-04-10,False
TCPC,2012-04-04,False
ZTEK,2012-04-02,False
BRFH,2012-03-30,False
ENPH,2012-03-30,False
MACK,2012-03-29,False
ZWS,2012-03-29,False
COOP,2012-03-28,False
RM,2012-03-28,False
VIPS,2012-03-23,False
CSTE,2012-03-22,False
ALSN,2012-03-15,False
MTSI,2012-03-15,False
SSNT,2012-03-15,False
BBDO,2012-03-13,False
ORGS,2012-03-12,False
SNGX,2012-03-08,False
YELP,2012-03-02,False
LINK,2012-02-24,False
PRLB,2012-02-24,False
CPAC,2012-02-22,False
CUBI,2012-02-21,False
BCOV,2012-02-17,False
NUWE,2012-02-16,False
ONVO,2012-02-14,False
HMST,2012-02-10,False
EPAM,2012-02-08,False
MTDR,2012-02-02,False
SLCA,2012-02-01,False
POST,2012-01-27,False
VSTM,2012-01-27,False
GWRE,2012-01-25,False
CIVI,2011-12-15,False
CPRI,2011-12-15,False
VTLE,2011-12-15,False
TRIP,2011-12-07,False
ANGI,2011-11-17,False
APTV,2011-11-17,False
FBIO,2011-11-17,False
LUMO,2011-11-11,False
VAC,2011-11-08,False
GRPN,2011-11-04,False
PVL,2011-11-03,False
GNE,2011-10-26,False
NVFY,2011-10-17,False
UI,2011-10-14,False
XYL,2011-10-13,False
ZBZX,2011-10-06,False
FBIN,2011-09-16,False
LIQT,2011-08-31,False
CHEF,2011-07-28,False
BLRX,2011-07-27,False
SXC,2011-07-21,False
ZG,2011-07-20,False
INPX,2011-07-14,False
IROQ,2011-07-08,False
GLDG,2011-07-05,False
MITT,2011-06-30,False
MPC,2011-06-23,False
FDUS,2011-06-21,False
AMCX,2011-06-16,False
CCLP,2011-06-15,False
EFXT,2011-06-13,False
GRFS,2011-06-02,False
TIGO,2011-05-31,False
SAVE,2011-05-26,False
YNDX,2011-05-24,False
NMFC,2011-05-20,False
COCP,2011-05-19,False
FENG,2011-05-16,False
NGL,2011-05-16,False
KOS,2011-05-11,False
RLJ,2011-05-11,False
CBX,2011-05-09,False
ACST,2011-05-06,False
VOC,2011-05-06,False
THR,2011-05-05,False
MTBL,2011-05-04,False
CANB,2011-04-29,False
SSSS,2011-04-28,False
VNET,2011-04-21,False
SQNS,2011-04-19,False
AL,2011-04-19,False
STAG,2011-04-15,False
ARCO,2011-04-14,False
NSPR,2011-04-12,False
PFLT,2011-04-08,False
UAN,2011-04-08,False
DPSI,2011-04-06,False
APO,2011-03-30,False
FF,2011-03-23,False
HII,2011-03-22,False
FURY,2011-03-11,False
MX,2011-03-11,False
HCA,2011-03-10,False
ARMP,2011-03-09,False
AMEH,2011-02-23,False
BYRN,2011-02-23,False
CCEL,2011-02-23,False
CYTH,2011-02-23,False
WAVD,2011-02-23,False
WFCF,2011-02-23,False
IDR,2011-02-23,False
EP,2011-02-23,False
SMTI,2011-02-22,False
VIVK,2011-02-22,False
ACRX,2011-02-11,False
KMI,2011-02-11,False
GEVO,2011-02-09,False
INN,2011-02-09,False
PCRX,2011-02-03,False
AGRO,2011-01-28,False
BKU,2011-01-28,False
XXII,2011-01-26,False
AAT,2011-01-13,False
PSHG,2011-01-03,False
CTGO,2010-12-20,False
ASMB,2010-12-17,False
FLT,2010-12-15,False
WD,2010-12-15,False
LEDS,2010-12-09,False
TRGP,2010-12-07,False
TROX,2010-12-01,False
LPLA,2010-11-18,False
BAH,2010-11-18,False
GM,2010-11-18,False
NOAH,2010-11-10,False
MMAT,2010-11-08,False
HHH,2010-11-05,False
CMRE,2010-11-04,False
HRZN,2010-10-29,False
NVIV,2010-10-29,False
BCTX,2010-10-28,False
PACB,2010-10-27,False
VRA,2010-10-21,False
TAL,2010-10-20,False
GPRK,2010-10-15,False
IOVA,2010-10-15,False
TIPT,2010-10-15,False
EFC,2010-10-08,False
DQ,2010-10-07,False
PBA,2010-10-06,False
HEAR,2010-10-05,False
VC,2010-10-05,False
DTST,2010-09-20,False
SASI,2010-09-20,False
PMCB,2010-09-17,False
VET,2010-09-14,False
WSR,2010-08-26,False
ELMD,2010-08-13,False
MMYT,2010-08-12,False
NXPI,2010-08-06,False
BWXT,2010-08-02,False
ENV,2010-07-29,False
AMRC,2010-07-22,False
GDOT,2010-07-22,False
KKR,2010-07-15,False
TSLA,2010-06-29,False
FN,2010-06-25,False
HPP,2010-06-24,False
VPG,2010-06-23,False
CBOE,2010-06-15,False
SANW,2010-06-14,False
STLA,2010-06-09,False
FAF,2010-05-28,False
CPS,2010-05-27,False
JKS,2010-05-14,False
CRMD,2010-05-13,False
EXPR,2010-05-13,False
SIX,2010-05-11,False
PLOW,2010-05-05,False
MDVL,2010-05-03,False
TGTX,2010-05-03,False
BEEM,2010-04-30,False
AOSL,2010-04-29,False
LYB,2010-04-28,False
MEDS,2010-04-27,False
ALIM,2010-04-22,False
CDXS,2010-04-22,False
NEGG,2010-04-22,False
SPSC,2010-04-22,False
CLDT,2010-04-16,False
GBDC,2010-04-15,False
LIXT,2010-04-08,False
BWFG,2010-04-05,False
VUZI,2010-04-05,False
PRI,2010-04-01,False
AMPE,2010-03-31,False
SSNC,2010-03-31,False
STNG,2010-03-31,False
HTHT,2010-03-26,False
VFF,2010-03-25,False
CALX,2010-03-24,False
FIBK,2010-03-24,False
MXL,2010-03-24,False
ST,2010-03-11,False
PFIE,2010-03-10,False
GNRC,2010-02-11,False
QNST,2010-02-11,False
TRNO,2010-02-10,False
PDM,2010-02-10,False
SLRC,2010-02-09,False
IRWD,2010-02-03,False
CHTR,2010-01-05,False
FERG,2010-01-05,False
QRHC,2010-01-05,False
CENN,2009-12-16,False
CCM,2009-12-11,False
KAR,2009-12-11,False
PEB,2009-12-09,False
EVO,2009-12-04,False
FTNT,2009-11-18,False
CVE,2009-11-17,False
DG,2009-11-13,False
AQN,2009-11-10,False
LEA,2009-11-09,False
H,2009-11-05,False
ROIC,2009-11-03,False
GMGI,2009-10-30,False
SBFM,2009-10-30,False
TWO,2009-10-30,False
ADUS,2009-10-28,False
OMER,2009-10-08,False
MG,2009-10-08,False
BSBR,2009-10-07,False
VRSK,2009-10-07,False
SEM,2009-09-25,False
ARI,2009-09-24,False
SPB,2009-09-02,False
CNET,2009-08-14,False
STWD,2009-08-12,False
CPIX,2009-08-11,False
ASPS,2009-08-06,False
AVGO,2009-08-06,False
RCON,2009-07-30,False
GSM,2009-07-30,False
PMT,2009-07-30,False
DOOR,2009-07-24,False
TBNK,2009-07-13,False
VATE,2009-07-13,False
BUD,2009-07-01,False
IVR,2009-07-01,False
NATR,2009-06-25,False
RSSS,2009-06-16,False
OPI,2009-06-04,False
GMAB,2009-06-01,False
SWKH,2009-06-01,False
SAND,2009-05-29,False
AUMN,2009-05-07,False
VRME,2009-05-07,False
OPXS,2009-05-04,False
SLNH,2009-04-28,False
APCX,2009-04-01,False
AGI,2009-02-13,False
HBM,2009-02-13,False
NEPH,2009-01-22,False
AMRX,2009-01-15,False
CYRX,2009-01-02,False
VRTS,2009-01-02,False
CLW,2008-12-05,False
LOPE,2008-11-20,False
RCRT,2008-11-20,False
EBR,2008-11-19,False
KGEI,2008-10-27,False
TAK,2008-10-27,False
APLD,2008-10-22,False
HOLI,2008-10-22,False
MULN,2008-10-17,False
FSFG,2008-10-08,False
HBCP,2008-10-08,False
MHH,2008-09-19,False
EC,2008-09-18,False
HCI,2008-09-15,False
RGA,2008-09-12,False
ADD,2008-09-11,False
CPHC,2008-09-08,False
MVBF,2008-08-22,False
IBIO,2008-08-19,False
WPRT,2008-08-15,False
GSL,2008-08-15,False
MYRG,2008-08-13,False
TREE,2008-08-12,False
PRIM,2008-08-06,False
URG,2008-07-25,False
JBT,2008-07-22,False
CDXC,2008-07-15,False
ERII,2008-07-02,False
SELF,2008-06-24,False
ANY,2008-06-24,False
BTG,2008-06-24,False
OCSL,2008-06-12,False
SB,2008-05-30,False
SGLY,2008-05-21,False
TFII,2008-05-20,False
CJJD,2008-05-16,False
AGNC,2008-05-15,False
ENOV,2008-05-08,False
MHLD,2008-05-06,False
PLAG,2008-04-29,False
KDP,2008-04-28,False
AWK,2008-04-23,False
IPI,2008-04-22,False
WMPN,2008-04-16,False
CGA,2008-04-16,False
TROO,2008-04-09,False
HI,2008-03-28,False
GGE,2008-03-24,False
IRDM,2008-03-20,False
V,2008-03-19,False
PM,2008-03-17,False
BCDA,2008-03-14,False
GLBS,2008-03-11,False
EVGN,2008-03-05,False
BPTH,2008-03-04,False
DALN,2008-02-11,False
MOFG,2008-01-29,False
SOL,2008-01-29,False
BIP,2008-01-10,False
SFBC,2008-01-09,False
DMAC,2008-01-04,False
SATS,2008-01-02,False
DAN,2008-01-02,False
GAU,2008-01-02,False
NWE,2007-12-28,False
FLNT,2007-12-27,False
INFU,2007-12-27,False
GJP,2007-12-27,False
GJR,2007-12-27,False
ORN,2007-12-20,False
OESX,2007-12-19,False
AEHL,2007-12-17,False
TITN,2007-12-13,False
FOR,2007-12-13,False
LRN,2007-12-13,False
TNK,2007-12-13,False
XIN,2007-12-12,False
FNV,2007-12-07,False
ARR,2007-12-03,False
KW,2007-12-03,False
CIM,2007-11-16,False
MSCI,2007-11-15,False
SCU,2007-11-14,False
NMM,2007-11-13,False
APEI,2007-11-09,False
ENSG,2007-11-09,False
LL,2007-11-09,False
NFBK,2007-11-08,False
ACIC,2007-11-07,False
ANTE,2007-11-07,False
FTLF,2007-11-02,False
FANH,2007-11-01,False
SHIP,2007-10-26,False
NBY,2007-10-26,False
ULTA,2007-10-25,False
CVI,2007-10-23,False
NWG,2007-10-18,False
FFNW,2007-10-10,False
PAYS,2007-10-10,False
TGH,2007-10-10,False
MAIN,2007-10-09,False
OBT,2007-10-04,False
ITP,2007-10-01,False
TDC,2007-10-01,False
HROW,2007-09-28,False
KNDI,2007-09-04,False
EMX,2007-08-28,False
MDXG,2007-08-22,False
SUZ,2007-08-16,False
VMW,2007-08-15,False
NEPT,2007-08-13,False
ARMN,2007-08-10,False
BRBS,2007-08-10,False
MELI,2007-08-10,False
MASI,2007-08-08,False
ARGO,2007-08-07,False
G,2007-08-02,False
GJT,2007-08-01,False
BRTX,2007-07-27,False
LULU,2007-07-27,False
DHX,2007-07-26,False
PRO,2007-07-26,False
INM,2007-07-24,False
XPEL,2007-07-18,False
PMN,2007-07-17,False
AREN,2007-07-13,False
ZYRX,2007-07-13,False
LGO,2007-07-13,False
OLB,2007-07-13,False
RTO,2007-07-13,False
WDS,2007-07-13,False
WFG,2007-07-13,False
BLIN,2007-06-29,False
BKCC,2007-06-27,False
SCOR,2007-06-27,False
BX,2007-06-22,False
HFBL,2007-06-20,False
GRBK,2007-06-14,False
DFS,2007-06-14,False
TEL,2007-06-14,False
EGIO,2007-06-08,False
INFN,2007-06-07,False
JAZZ,2007-06-01,False
FOLD,2007-05-31,False
CLNE,2007-05-25,False
GLRE,2007-05-24,False
IDEX,2007-05-23,False
BGS,2007-05-23,False
TRS,2007-05-18,False
TTGT,2007-05-17,False
DGLY,2007-05-16,False
PODD,2007-05-15,False
ACM,2007-05-10,False
IBKR,2007-05-04,False
DAL,2007-05-03,False
NBSE,2007-05-01,False
CEI,2007-05-01,False
THM,2007-05-01,False
EDN,2007-04-26,False
OPTT,2007-04-25,False
VNRX,2007-04-25,False
CNK,2007-04-24,False
TFSL,2007-04-23,False
PNNT,2007-04-19,False
TMUS,2007-04-19,False
NOG,2007-04-13,False
REI,2007-04-10,False
UEC,2007-04-05,False
ESSA,2007-04-04,False
BR,2007-04-02,False
CPLP,2007-03-30,False
GSIT,2007-03-29,False
SMCI,2007-03-29,False
FRBA,2007-03-28,False
SAR,2007-03-27,False
HAYN,2007-03-21,False
CQP,2007-03-21,False
KAVL,2007-02-15,False
CAPR,2007-02-13,False
III,2007-02-12,False
PRTS,2007-02-09,False
ARAY,2007-02-08,False
NCMI,2007-02-08,False
MDGL,2007-02-06,False
CORR,2007-02-02,False
CSBR,2007-02-02,False
EIG,2007-01-31,False
MODD,2007-01-25,False
SNOA,2007-01-25,False
AVAV,2007-01-23,False
MVO,2007-01-19,False
NVGS,2007-01-09,False
FSM,2007-01-08,False
SLNG,2006-12-28,False
TTNP,2006-12-28,False
AHG,2006-12-28,False
GLDD,2006-12-27,False
PALI,2006-12-20,False
MLCO,2006-12-19,False
TOVX,2006-12-18,False
TAST,2006-12-15,False
IPGP,2006-12-13,False
PTMN,2006-12-12,False
ALGT,2006-12-08,False
MNOV,2006-12-08,False
OMAB,2006-11-29,False
SPR,2006-11-28,False
AG,2006-11-28,False
UUUU,2006-11-24,False
NOA,2006-11-22,False
WLDN,2006-11-21,False
AER,2006-11-21,False
FSLR,2006-11-17,False
SBH,2006-11-17,False
ALLT,2006-11-16,False
HRI,2006-11-16,False
KBR,2006-11-16,False
SNMP,2006-11-15,False
EBS,2006-11-15,False
YTEN,2006-11-10,False
CSIQ,2006-11-09,False
CPRX,2006-11-08,False
MFG,2006-11-08,False
GSAT,2006-11-02,False
FRST,2006-11-01,False
RLGT,2006-11-01,False
OC,2006-11-01,False
SONN,2006-10-31,False
DEI,2006-10-25,False
EHTH,2006-10-20,False
EXLS,2006-10-20,False
LMAT,2006-10-19,False
BIMI,2006-10-18,False
AWI,2006-10-18,False
DAC,2006-10-16,False
LDOS,2006-10-13,False
WU,2006-10-02,False
ICFI,2006-09-28,False
CVLT,2006-09-22,False
GORO,2006-09-14,False
TAOP,2006-09-12,False
EDU,2006-09-07,False
HBI,2006-09-06,False
XPL,2006-09-06,False
GURE,2006-08-14,False
EVR,2006-08-14,False
AVXL,2006-08-02,False
GTLS,2006-07-26,False
WNS,2006-07-26,False
ASTI,2006-07-25,False
CPG,2006-07-20,False
TNL,2006-07-19,False
SSBI,2006-07-14,False
KALU,2006-07-07,False
NECB,2006-07-06,False
APPS,2006-06-30,False
PGTI,2006-06-28,False
HOMB,2006-06-23,False
SNCR,2006-06-15,False
LUNA,2006-06-05,False
ATEC,2006-06-02,False
MWA,2006-05-26,False
MA,2006-05-25,False
WRN,2006-05-19,False
CODI,2006-05-18,False
PZG,2006-05-08,False
ESEA,2006-05-05,False
DK,2006-05-04,False
GJS,2006-04-28,False
EXK,2006-04-26,False
ORMP,2006-04-21,False
KNW,2006-04-18,False
IGC,2006-04-13,False
GYRE,2006-04-12,False
VNDA,2006-04-12,False
LSBK,2006-04-05,False
BTE,2006-04-03,False
HIMX,2006-03-31,False
POR,2006-03-31,False
BMA,2006-03-27,False
GPRE,2006-03-15,False
TDG,2006-03-15,False
LQDT,2006-02-27,False
SBLK,2006-02-27,False
PAC,2006-02-27,False
ACOR,2006-02-10,False
CROX,2006-02-08,False
ACR,2006-02-07,False
UAL,2006-02-06,False
KOP,2006-02-01,False
TX,2006-02-01,False
HEES,2006-01-31,False
PERI,2006-01-31,False
SMFG,2006-01-27,False
CLMT,2006-01-26,False
CMG,2006-01-26,False
MGYR,2006-01-24,False
PARA,2006-01-03,False
GTE,2005-12-21,False
LYV,2005-12-21,False
AAU,2005-12-20,False
CPA,2005-12-15,False
TRAK,2005-12-13,False
BKD,2005-11-22,False
ASM,2005-11-21,False
GJO,2005-11-21,False
AMSF,2005-11-18,False
UAA,2005-11-18,False
SPWR,2005-11-17,False
ICE,2005-11-16,False
BEP,2005-11-15,False
BGI,2005-11-15,False
CCO,2005-11-14,False
CATX,2005-11-10,False
CLRB,2005-11-10,False
IRBT,2005-11-09,False
SSKN,2005-10-28,False
NNVC,2005-10-26,False
FNF,2005-10-14,False
DHT,2005-10-13,False
FBIZ,2005-10-07,False
GASS,2005-10-06,False
ALT,2005-10-06,False
WSBF,2005-10-05,False
CMPR,2005-09-30,False
GLP,2005-09-29,False
ITRN,2005-09-28,False
VIRX,2005-09-27,False
AAL,2005-09-27,False
ISG,2005-09-23,False
SURG,2005-09-22,False
AMP,2005-09-15,False
GENE,2005-09-02,False
XTLB,2005-09-01,False
TCRT,2005-08-24,False
ACCO,2005-08-17,False
CF,2005-08-11,False
RBC,2005-08-10,False
ATRC,2005-08-05,False
BIDU,2005-08-05,False
STN,2005-08-05,False
OFLX,2005-08-01,False
FTK,2005-07-27,False
CNSL,2005-07-22,False
OPBK,2005-07-22,False
EXPE,2005-07-21,False
MPW,2005-07-08,False
WBD,2005-07-08,False
WAL,2005-07-01,False
SIMO,2005-06-30,False
DBI,2005-06-29,False
BFIN,2005-06-28,False
BLDR,2005-06-28,False
THS,2005-06-28,False
EGLE,2005-06-23,False
GAIN,2005-06-23,False
LINC,2005-06-23,False
HTGC,2005-06-09,False
FSP,2005-06-02,False
DRH,2005-05-26,False
OCUP,2005-05-23,False
CTRN,2005-05-18,False
TRX,2005-05-12,False
ZUMZ,2005-05-06,False
MORN,2005-05-03,False
JVA,2005-05-03,False
SVM,2005-05-02,False
DXCM,2005-04-14,False
RAIL,2005-04-06,False
ALTO,2005-03-24,False
DSX,2005-03-23,False
FTFT,2005-03-15,False
KFFB,2005-03-03,False
KRNY,2005-02-24,False
SPCB,2005-02-17,False
DLB,2005-02-17,False
WEX,2005-02-16,False
MNTX,2005-02-15,False
EBTC,2005-02-14,False
ISDR,2005-02-14,False
HUN,2005-02-14,False
PBH,2005-02-10,False
DNN,2005-02-09,False
GRVY,2005-02-08,False
MTEM,2005-02-04,False
ARC,2005-02-04,False
WTI,2005-01-28,False
EYPT,2005-01-27,False
NATL,2005-01-27,False
CE,2005-01-21,False
BMRA,2005-01-03,False
INBK,2004-12-28,False
SOHO,2004-12-17,False
HLF,2004-12-16,False
NCTY,2004-12-15,False
LVS,2004-12-15,False
CHCI,2004-12-14,False
BXC,2004-12-14,False
CREG,2004-11-24,False
FMAO,2004-11-23,False
SPRO,2004-11-22,False
MPWR,2004-11-19,False
NGD,2004-11-18,False
SPOK,2004-11-17,False
ORA,2004-11-11,False
DYAI,2004-11-05,False
MKTX,2004-11-05,False
DLR,2004-10-29,False
BBW,2004-10-28,False
CUBE,2004-10-22,False
SHO,2004-10-21,False
HURN,2004-10-13,False
ARCC,2004-10-05,False
INVA,2004-10-05,False
LFVN,2004-10-05,False
TXRH,2004-10-05,False
BECN,2004-09-23,False
CNS,2004-08-16,False
EXR,2004-08-16,False
STXS,2004-08-12,False
VVI,2004-08-12,False
KRG,2004-08-11,False
WLK,2004-08-11,False
BCML,2004-08-09,False
CVGI,2004-08-09,False
TOPS,2004-08-02,False
ENS,2004-08-02,False
MNKD,2004-07-28,False
CRDF,2004-07-27,False
PSEC,2004-07-27,False
PYT,2004-07-27,False
BLKB,2004-07-26,False
NYMT,2004-07-26,False
LPL,2004-07-22,False
DPZ,2004-07-13,False
MGI,2004-07-01,False
TIO,2004-06-25,False
GOL,2004-06-24,False
CRM,2004-06-23,False
SFL,2004-06-17,False
CBRE,2004-06-10,False
STRR,2004-06-10,False
SP,2004-06-02,False
ALNY,2004-06-01,False
ANGO,2004-06-01,False
ACAD,2004-05-27,False
GNW,2004-05-25,False
COHN,2004-05-06,False
CYCC,2004-05-05,False
MFIC,2004-05-05,False
SEED,2004-05-05,False
GJH,2004-05-05,False
CYTK,2004-04-29,False
SVRA,2004-04-29,False
AGO,2004-04-23,False
SA,2004-04-20,False
CORT,2004-04-14,False
ABR,2004-04-07,False
JBK,2004-04-05,False
CUTR,2004-03-31,False
MCHX,2004-03-31,False
CZWI,2004-03-30,False
BWEN,2004-03-29,False
UCTT,2004-03-25,False
HALO,2004-03-16,False
NEO,2004-03-16,False
OGEN,2004-02-25,False
DVAX,2004-02-19,False
HTH,2004-02-19,False
AIZ,2004-02-05,False
ONCT,2004-02-03,False
TBBK,2004-02-03,False
ADES,2004-01-23,False
IPB,2004-01-20,False
ENLC,2004-01-13,False
PIPR,2004-01-02,False
JSM,2003-12-30,False
MEIP,2003-12-18,False
TPX,2003-12-18,False
UTI,2003-12-18,False
ASRT,2003-12-17,False
GBLI,2003-12-16,False
CMP,2003-12-12,False
NNI,2003-12-12,False
TXMD,2003-12-11,False
TCOM,2003-12-09,False
KRO,2003-12-09,False
AEL,2003-12-04,False
KTN,2003-12-04,False
NG,2003-12-04,False
NRG,2003-12-02,False
CONN,2003-11-25,False
NXST,2003-11-25,False
SNX,2003-11-25,False
ADEA,2003-11-20,False
DZSI,2003-11-14,False
SVA,2003-11-03,False
CRI,2003-10-24,False
CODA,2003-10-17,False
BCBP,2003-10-15,False
OVLY,2003-10-15,False
CHT,2003-10-09,False
NAK,2003-10-09,False
CAAS,2003-10-07,False
CRWS,2003-10-07,False
XPO,2003-10-07,False
LKQ,2003-10-03,False
WF,2003-10-01,False
SHG,2003-09-16,False
CNO,2003-09-10,False
BCLI,2003-08-28,False
AHT,2003-08-26,False
MODV,2003-08-20,False
GOOD,2003-08-14,False
TCBI,2003-08-14,False
NTGR,2003-07-31,False
LAB,2003-07-29,False
ATSG,2003-07-23,False
APDN,2003-07-15,False
APWC,2003-07-15,False
EFSC,2003-07-15,False
GENC,2003-07-15,False
GLNG,2003-07-15,False
WKSP,2003-07-15,False
IAG,2003-07-15,False
MOH,2003-07-02,False
CVCO,2003-07-01,False
AXS,2003-07-01,False
PLUR,2003-06-30,False
OPHC,2003-06-23,False
FORM,2003-06-12,False
MARK,2003-06-10,False
UVE,2003-06-06,False
YHGJ,2003-05-29,False
PED,2003-05-02,False
IHG,2003-04-10,False
HSON,2003-03-18,False
LODE,2003-03-18,False
DMLP,2003-02-03,False
RIOT,2003-01-24,False
EGO,2003-01-23,False
PFS,2003-01-16,False
FBMS,2003-01-02,False
ACTG,2002-12-16,False
TS,2002-12-16,False
STX,2002-12-11,False
FLUX,2002-12-09,False
CME,2002-12-06,False
SAFT,2002-11-22,False
PRAA,2002-11-08,False
CEVA,2002-11-01,False
MMLP,2002-11-01,False
WYNN,2002-10-25,False
NGS,2002-10-22,False
DKS,2002-10-16,False
HNNA,2002-10-15,False
NRP,2002-10-11,False
BANC,2002-10-01,False
CBAT,2002-09-25,False
BGFV,2002-09-17,False
SAIA,2002-09-12,False
GALT,2002-09-09,False
ATHE,2002-09-05,False
GTN,2002-08-30,False
TZOO,2002-08-28,False
GLAD,2002-08-02,False
KIRK,2002-07-30,False
CVGW,2002-07-22,False
RRGB,2002-07-19,False
TECK,2002-07-18,False
NDAQ,2002-07-01,False
SNY,2002-07-01,False
PLBC,2002-06-26,False
WHG,2002-06-13,False
TRI,2002-06-12,False
HQI,2002-06-06,False
MBCN,2002-06-05,False
PFIS,2002-06-05,False
BYON,2002-05-30,False
NPO,2002-05-24,False
NFLX,2002-05-23,False
CPSI,2002-05-21,False
VRNT,2002-05-16,False
SBS,2002-05-10,False
DCTH,2002-05-02,False
WNEB,2002-05-02,False
PLG,2002-04-26,False
CPHI,2002-04-17,False
JBLU,2002-04-12,False
OVV,2002-04-08,False
SBRA,2002-04-02,False
VALE,2002-03-21,False
ABG,2002-03-21,False
UCBI,2002-03-18,False
TNP,2002-03-05,False
ITUB,2002-02-25,False
BKYI,2002-02-21,False
MGLD,2002-02-21,False
GME,2002-02-13,False
CCOI,2002-02-05,False
SYNA,2002-01-29,False
BFC,2002-01-29,False
HUSA,2002-01-22,False
BCH,2002-01-08,False
COFS,2001-12-31,False
HBNC,2001-12-17,False
CNC,2001-12-13,False
PRU,2001-12-13,False
AYI,2001-12-03,False
AAP,2001-11-29,False
LYG,2001-11-27,False
BBD,2001-11-23,False
WW,2001-11-15,False
AMN,2001-11-13,False
KB,2001-11-12,False
LMNR,2001-11-08,False
ELV,2001-10-30,False
CCRN,2001-10-25,False
PFG,2001-10-23,False
PKBK,2001-09-05,False
OMCL,2001-08-09,False
FRO,2001-08-06,False
BG,2001-08-02,False
PDFS,2001-07-31,False
TAC,2001-07-31,False
ZBH,2001-07-25,False
HDB,2001-07-20,False
ACN,2001-07-19,False
EVBN,2001-07-09,False
PRSO,2001-06-28,False
FIS,2001-06-20,False
IMOS,2001-06-19,False
BFH,2001-06-15,False
XELB,2001-06-14,False
FTI,2001-06-14,False
MDLZ,2001-06-13,False
AXON,2001-06-07,False
CBFV,2001-06-06,False
VABK,2001-06-04,False
IDT,2001-05-16,False
RVP,2001-05-04,False
RDY,2001-04-11,False
NS,2001-04-10,False
MUFG,2001-04-02,False
SHBI,2001-03-22,False
HBIO,2001-03-19,False
BHRB,2001-03-15,False
MPX,2001-02-28,False
KTH,2001-02-12,False
OIS,2001-02-09,False
AMX,2001-02-08,False
EXAS,2001-02-01,False
ALGN,2001-01-30,False
GPN,2001-01-16,False
AEMD,2001-01-02,False
AERT,2001-01-02,False
ALRS,2001-01-02,False
ANIX,2001-01-02,False
BRFS,2001-01-02,False
CIVB,2001-01-02,False
CMLS,2001-01-02,False
CZFS,2001-01-02,False
FDBC,2001-01-02,False
FGBI,2001-01-02,False
FNCB,2001-01-02,False
FRAF,2001-01-02,False
FXNC,2001-01-02,False
HOFT,2001-01-02,False
IBCP,2001-01-02,False
LFMD,2001-01-02,False
LIVE,2001-01-02,False
NURO,2001-01-02,False
ONTX,2001-01-02,False
OSPN,2001-01-02,False
SITC,2001-01-02,False
SMBK,2001-01-02,False
SPGI,2001-01-02,False
USIO,2001-01-02,False
WELL,2001-01-02,False
BHC,2001-01-02,False
CCU,2001-01-02,False
HWC,2001-01-02,False
LBC,2001-01-02,False
NGG,2001-01-02,False
OZK,2001-01-02,False
SRL,2001-01-02,False
TLK,2001-01-02,False
ID,2001-01-02,False
FGH,2000-12-19,False
RGP,2000-12-15,False
GRMN,2000-12-08,False
FLR,2000-12-01,False
RIGL,2000-11-29,False
INSG,2000-11-21,False
ERF,2000-11-17,False
PSTV,2000-11-16,False
LTBR,2000-11-13,False
CUK,2000-10-23,False
WIT,2000-10-19,False
TPR,2000-10-06,False
AIRI,2000-10-05,False
ASX,2000-10-02,False
AWH,2000-10-02,False
ITGR,2000-09-29,False
DRRX,2000-09-28,False
ASR,2000-09-28,False
NEWT,2000-09-27,False
TTMI,2000-09-25,False
UMC,2000-09-19,False
PNFP,2000-08-22,False
CGEN,2000-08-11,False
EQIX,2000-08-11,False
BOTJ,2000-08-10,False
PBR,2000-08-10,False
MNDO,2000-08-08,False
BRKR,2000-08-04,False
CRNT,2000-08-04,False
ISSC,2000-08-04,False
LTRX,2000-08-04,False
SPTN,2000-08-02,False
EVC,2000-08-02,False
CRIS,2000-08-01,False
CNQ,2000-07-31,False
CAMT,2000-07-28,False
ILMN,2000-07-28,False
GGAL,2000-07-25,False
EPAC,2000-07-24,False
ERJ,2000-07-21,False
PRPO,2000-07-18,False
SAVA,2000-07-14,False
SOHU,2000-07-12,False
ACLS,2000-07-11,False
ENTG,2000-07-11,False
TKC,2000-07-11,False
DLA,2000-07-03,False
MRVL,2000-06-30,False
NTES,2000-06-30,False
PUK,2000-06-29,False
BHLB,2000-06-28,False
JHG,2000-06-26,False
CRL,2000-06-23,False
ISRG,2000-06-16,False
CYH,2000-06-09,False
INSM,2000-06-01,False
PXLW,2000-05-19,False
AEZS,2000-05-10,False
ANIP,2000-05-05,False
ON,2000-05-02,False
EXEL,2000-04-17,False
HSTM,2000-04-11,False
NVMI,2000-04-11,False
LPSN,2000-04-07,False
LXRX,2000-04-07,False
EBMT,2000-04-06,False
SGMO,2000-04-06,False
MET,2000-04-05,False
IBN,2000-03-28,False
ENR,2000-03-27,False
EPC,2000-03-27,False
EW,2000-03-27,False
SLAB,2000-03-24,False
SLF,2000-03-23,False
UTSI,2000-03-03,False
UAMY,2000-02-24,False
DHC,2000-02-23,False
GIGM,2000-02-18,False
ATLO,2000-02-15,False
BBGI,2000-02-11,False
AGEN,2000-02-08,False
PKG,2000-01-28,False
SMMF,2000-01-07,False
RDIB,2000-01-05,False
JHX,2000-01-03,False
BMRC,1999-12-23,False
BGC,1999-12-10,False
DMRC,1999-12-02,False
NKSH,1999-12-01,False
ATI,1999-11-29,False
CCZ,1999-11-24,False
TDY,1999-11-23,False
IDN,1999-11-19,False
A,1999-11-18,False
SNN,1999-11-16,False
IMMR,1999-11-12,False
GLBZ,1999-11-10,False
UPS,1999-11-10,False
KTOS,1999-11-05,False
AKAM,1999-10-29,False
GAIA,1999-10-29,False
PLUG,1999-10-29,False
SFST,1999-10-28,False
KINS,1999-10-26,False
LCNB,1999-10-26,False
OMEX,1999-10-26,False
SIFY,1999-10-19,False
QUIK,1999-10-18,False
FSI,1999-10-12,False
UGP,1999-10-07,False
BLK,1999-10-01,False
RDWR,1999-09-30,False
MFC,1999-09-24,False
EGAN,1999-09-23,False
CX,1999-09-15,False
AVNT,1999-09-13,False
BNS,1999-09-13,False
PFBC,1999-08-19,False
ARLP,1999-08-17,False
SWBI,1999-08-17,False
NTCT,1999-08-12,False
UNB,1999-08-09,False
FLWS,1999-08-03,False
QMCO,1999-08-02,False
VHC,1999-07-30,False
PRFT,1999-07-29,False
LII,1999-07-29,False
BMRN,1999-07-26,False
MDRX,1999-07-26,False
ZD,1999-07-23,False
HWBK,1999-07-20,False
MBWM,1999-07-20,False
HSBC,1999-07-16,False
EGBN,1999-07-14,False
FNLC,1999-07-14,False
CKX,1999-07-13,False
ECPG,1999-07-09,False
SALM,1999-07-01,False
GCBC,1999-06-30,False
PWFL,1999-06-30,False
FISI,1999-06-25,False
JNPR,1999-06-25,False
UTHR,1999-06-17,False
SBAC,1999-06-16,False
SKX,1999-06-09,False
CTLP,1999-06-07,False
FFIV,1999-06-04,False
AUDC,1999-05-28,False
KT,1999-05-26,False
TVE,1999-05-19,False
LOAN,1999-05-13,False
ORRF,1999-05-13,False
WCC,1999-05-12,False
UONE,1999-05-06,False
TOWN,1999-05-05,False
BFX,1999-05-05,False
GS,1999-05-04,False
WTBA,1999-05-03,False
YORW,1999-05-03,False
CNX,1999-04-30,False
PLPC,1999-04-28,False
HSII,1999-04-27,False
PGC,1999-04-27,False
PETS,1999-04-26,False
SHEN,1999-04-26,False
ATLC,1999-04-23,False
LSAK,1999-04-19,False
SEEL,1999-04-19,False
AMNB,1999-04-13,False
EXTR,1999-04-09,False
TREX,1999-04-08,False
CFFN,1999-04-01,False
BKNG,1999-03-31,False
MKSI,1999-03-30,False
FKWL,1999-03-18,False
FMBH,1999-03-16,False
INFY,1999-03-11,False
GGB,1999-03-10,False
FCCO,1999-03-09,False
CVCY,1999-03-08,False
UTMD,1999-03-08,False
UBFO,1999-03-03,False
IMNN,1999-03-01,False
LSTA,1999-03-01,False
CVV,1999-03-01,False
MTEX,1999-02-16,False
APT,1999-02-16,False
VERU,1999-02-11,False
KFY,1999-02-11,False
BB,1999-02-04,False
EWBC,1999-02-03,False
AXL,1999-01-29,False
DSGX,1999-01-27,False
NVDA,1999-01-22,False
HT,1999-01-21,False
BAK,1999-01-13,False
DCOM,1999-01-12,False
FUSB,1999-01-11,False
OPOF,1999-01-11,False
CHMG,1999-01-04,False
FCAP,1999-01-04,False
FMNB,1999-01-04,False
HTLF,1999-01-04,False
LBAI,1999-01-04,False
SBFG,1999-01-04,False
CFBK,1998-12-30,False
REPX,1998-12-28,False
INO,1998-12-08,False
SNBR,1998-12-04,False
PAA,1998-11-18,False
VIV,1998-11-16,False
PB,1998-11-12,False
DDT,1998-10-14,False
TVC,1998-10-14,False
GIB,1998-10-07,False
BUSE,1998-10-06,False
NTWK,1998-09-25,False
EBAY,1998-09-24,False
IX,1998-09-16,False
CCI,1998-08-18,False
AU,1998-08-05,False
INUV,1998-08-04,False
EPD,1998-07-28,False
LEU,1998-07-23,False
HTBK,1998-07-20,False
CSGP,1998-07-01,False
RSG,1998-07-01,False
CLS,1998-06-30,False
SRE,1998-06-29,False
AWX,1998-06-23,False
CTSH,1998-06-19,False
DOX,1998-06-19,False
GIL,1998-06-19,False
MSTR,1998-06-11,False
ELP,1998-06-03,False
HZO,1998-06-03,False
HCKT,1998-05-28,False
CLAR,1998-05-27,False
WCN,1998-05-22,False
AXTI,1998-05-21,False
MCBC,1998-05-20,False
WYY,1998-05-19,False
ICLR,1998-05-15,False
PLX,1998-05-15,False
FHI,1998-05-14,False
IOSP,1998-05-13,False
SBSI,1998-05-13,False
FMX,1998-05-11,False
CFFI,1998-05-07,False
DXPE,1998-05-07,False
HFWA,1998-05-07,False
KFS,1998-05-06,False
AMKR,1998-05-01,False
CRAI,1998-04-24,False
MANH,1998-04-23,False
UVSP,1998-04-16,False
WTFC,1998-04-16,False
MFA,1998-04-13,False
CBAN,1998-04-02,False
COLM,1998-03-27,False
BRKL,1998-03-25,False
FNWD,1998-03-17,False
RBA,1998-03-10,False
CIX,1998-03-06,False
SPNS,1998-03-05,False
NWFL,1998-03-04,False
SRDX,1998-03-04,False
CNXN,1998-03-03,False
AMT,1998-02-27,False
SCS,1998-02-18,False
PWR,1998-02-12,False
MRCY,1998-01-30,False
VRSN,1998-01-30,False
HOPE,1998-01-29,False
PRDO,1998-01-29,False
IESC,1998-01-28,False
RMTI,1998-01-27,False
WPC,1998-01-21,False
MPU,1998-01-20,False
LWLG,1998-01-16,False
TSBK,1998-01-13,False
DENN,1998-01-08,False
AEE,1998-01-02,False
NICK,1997-12-29,False
URI,1997-12-18,False
POWI,1997-12-12,False
INGR,1997-12-11,False
MPB,1997-12-04,False
NOTV,1997-11-25,False
GEOS,1997-11-21,False
RNWK,1997-11-21,False
AMG,1997-11-21,False
PLD,1997-11-21,False
EPR,1997-11-18,False
CTHR,1997-11-14,False
MTD,1997-11-14,False
CM,1997-11-13,False
SAH,1997-11-12,False
FE,1997-11-10,False
SNDA,1997-10-31,False
GPI,1997-10-30,False
CWST,1997-10-29,False
FDP,1997-10-24,False
DRQ,1997-10-23,False
ORAN,1997-10-20,False
CSR,1997-10-17,False
CHRW,1997-10-16,False
PTN,1997-10-15,False
SRI,1997-10-10,False
TSM,1997-10-09,False
CAC,1997-10-08,False
NLY,1997-10-08,False
INVE,1997-10-07,False
OSIS,1997-10-02,False
NAT,1997-09-30,False
RDCM,1997-09-25,False
BHB,1997-09-23,False
PLCE,1997-09-19,False
FARO,1997-09-18,False
YUM,1997-09-17,False
SIGA,1997-09-10,False
PSMT,1997-09-02,False
AEHR,1997-08-15,False
SLG,1997-08-15,False
LKFN,1997-08-14,False
ABIO,1997-08-08,False
PXD,1997-08-08,False
MT,1997-08-07,False
EDAP,1997-08-01,False
JLL,1997-07-17,False
CXW,1997-07-15,False
EGHT,1997-07-02,False
HLX,1997-07-01,False
FIX,1997-06-27,False
PPBI,1997-06-25,False
SLP,1997-06-19,False
SRT,1997-06-19,False
BXP,1997-06-18,False
INTT,1997-06-17,False
MMS,1997-06-13,False
RL,1997-06-12,False
SRPT,1997-06-04,False
RFIL,1997-05-28,False
ARE,1997-05-28,False
SBET,1997-05-21,False
WILC,1997-05-20,False
AMZN,1997-05-15,False
RMBS,1997-05-14,False
CPSH,1997-05-09,False
DHIL,1997-05-09,False
ESGR,1997-05-09,False
FCBC,1997-05-09,False
GNSS,1997-05-09,False
HAFC,1997-05-09,False
ENG,1997-05-09,False
AULT,1997-05-05,False
VTR,1997-05-05,False
ALV,1997-04-28,False
CVLY,1997-04-25,False
PRPH,1997-04-22,False
TTWO,1997-04-15,False
GIFI,1997-04-04,False
LOGI,1997-03-31,False
CLWT,1997-03-14,False
EEFT,1997-03-07,False
EMKR,1997-03-07,False
ABEV,1997-03-05,False
MXC,1997-03-05,False
FCEL,1997-02-27,False
SLGN,1997-02-14,False
CIEN,1997-02-07,False
GOGL,1997-02-07,False
VCEL,1997-02-04,False
KMX,1997-02-04,False
MTN,1997-02-04,False
CCBG,1997-02-03,False
CERS,1997-01-31,False
KRC,1997-01-30,False
NSP,1997-01-29,False
SSB,1997-01-28,False
ELTK,1997-01-23,False
HNRG,1997-01-20,False
UNTY,1997-01-14,False
EPM,1997-01-13,False
HLIO,1997-01-09,False
ENSV,1997-01-08,False
ARWR,1997-01-06,False
RDNT,1997-01-03,False
DSS,1997-01-03,False
PCYO,1997-01-02,False
TENX,1997-01-02,False
VTNR,1997-01-02,False
DGX,1996-12-26,False
LAD,1996-12-18,False
CALM,1996-12-12,False
HIHO,1996-12-11,False
VYX,1996-12-11,False
VSAT,1996-12-03,False
ESLT,1996-11-27,False
FORR,1996-11-27,False
GEL,1996-11-27,False
CNI,1996-11-26,False
STLD,1996-11-22,False
NUS,1996-11-22,False
AWRE,1996-11-19,False
AXDX,1996-11-19,False
CWBC,1996-11-19,False
CIG,1996-11-18,False
ING,1996-11-18,False
PSO,1996-11-18,False
SID,1996-11-18,False
DB,1996-11-18,False
INTL,1996-11-15,False
PLUS,1996-11-15,False
SNEX,1996-11-15,False
VEON,1996-11-15,False
WLFC,1996-11-15,False
PDS,1996-11-15,False
NVS,1996-11-07,False
UNFI,1996-11-01,False
NOV,1996-10-29,False
TGI,1996-10-25,False
PAG,1996-10-23,False
OPRX,1996-10-22,False
CHH,1996-10-16,False
HIBB,1996-10-11,False
BJRI,1996-10-10,False
DRD,1996-09-30,False
HMY,1996-09-30,False
SPPI,1996-09-27,False
SCWO,1996-09-26,False
ANF,1996-09-26,False
OCN,1996-09-25,False
FMS,1996-09-17,False
NVEC,1996-09-11,False
SRCE,1996-09-03,False
TD,1996-08-30,False
MVIS,1996-08-27,False
SRCL,1996-08-23,False
TACT,1996-08-22,False
OPCH,1996-08-15,False
CSV,1996-08-09,False
GES,1996-08-08,False
LAMR,1996-08-02,False
SSRM,1996-08-01,False
TTEC,1996-08-01,False
GERN,1996-07-31,False
WHLM,1996-07-30,False
STRA,1996-07-26,False
PEGA,1996-07-19,False
AIM,1996-07-12,False
OCFC,1996-07-03,False
CHKP,1996-06-28,False
PROV,1996-06-28,False
QGEN,1996-06-28,False
FDS,1996-06-28,False
SKM,1996-06-27,False
ANSS,1996-06-21,False
CASI,1996-06-12,False
TU,1996-06-11,False
AVDL,1996-06-07,False
GROW,1996-06-03,False
BSRR,1996-05-30,False
CCNE,1996-05-30,False
CNOB,1996-05-30,False
CZNC,1996-05-30,False
IBOC,1996-05-30,False
PBHC,1996-05-30,False
PWOD,1996-05-30,False
WULF,1996-05-30,False
AEY,1996-05-30,False
WWD,1996-05-30,False
KIQ,1996-05-24,False
MFIN,1996-05-23,False
NBIX,1996-05-23,False
BVN,1996-05-15,False
DEO,1996-05-13,False
FCN,1996-05-09,False
TUP,1996-05-08,False
JAKK,1996-05-02,False
TCX,1996-04-30,False
STRM,1996-04-18,False
SASR,1996-04-17,False
OLED,1996-04-12,False
BOSC,1996-04-02,False
KVHI,1996-04-02,False
OCC,1996-04-02,False
VBFC,1996-04-01,False
CENX,1996-03-29,False
KRMD,1996-03-20,False
SOTK,1996-03-20,False
CCJ,1996-03-14,False
HUBG,1996-03-13,False
CBD,1996-03-08,False
SGRP,1996-03-04,False
SPH,1996-02-29,False
CMCO,1996-02-28,False
CSGS,1996-02-28,False
LPTH,1996-02-28,False
GEF,1996-02-28,False
ANDE,1996-02-20,False
IRIX,1996-02-16,False
LFCR,1996-02-15,False
OVBC,1996-02-09,False
IRM,1996-02-01,False
NICE,1996-01-25,False
OTEX,1996-01-24,False
RCI,1996-01-11,False
CAE,1996-01-10,False
BYFC,1996-01-09,False
SCCO,1996-01-05,False
BCO,1996-01-03,False
ACNB,1996-01-02,False
CASS,1996-01-02,False
MLP,1996-01-02,False
EME,1995-12-28,False
ASTC,1995-12-21,False
ITT,1995-12-18,False
HIG,1995-12-15,False
MSM,1995-12-15,False
SGU,1995-12-15,False
NVAX,1995-12-13,False
NWPX,1995-11-30,False
E,1995-11-28,False
FFIC,1995-11-21,False
IVAC,1995-11-21,False
NTAP,1995-11-21,False
SAM,1995-11-21,False
AEIS,1995-11-17,False
WAT,1995-11-17,False
EL,1995-11-17,False
MATV,1995-11-09,False
BLDP,1995-11-08,False
HSIC,1995-11-03,False
MLSS,1995-11-03,False
OPK,1995-11-02,False
BANR,1995-11-01,False
DVA,1995-10-31,False
BAP,1995-10-25,False
CCF,1995-10-25,False
WLYB,1995-10-19,False
RY,1995-10-16,False
ACHV,1995-10-13,False
POOL,1995-10-13,False
RICK,1995-10-13,False
THG,1995-10-11,False
ELLO,1995-10-09,False
MYGN,1995-10-06,False
EG,1995-10-03,False
ERIE,1995-10-02,False
CLB,1995-09-21,False
MD,1995-09-20,False
SMSI,1995-09-19,False
SAP,1995-09-18,False
ACGL,1995-09-14,False
AUBN,1995-09-11,False
IVZ,1995-08-25,False
CCRD,1995-08-18,False
CLRO,1995-08-18,False
CMCT,1995-08-18,False
DLHC,1995-08-18,False
FLIC,1995-08-18,False
FRBK,1995-08-18,False
GTIM,1995-08-18,False
GYRO,1995-08-18,False
HALL,1995-08-18,False
INTG,1995-08-18,False
LWAY,1995-08-18,False
MNST,1995-08-18,False
OSBC,1995-08-18,False
PDEX,1995-08-18,False
PEBK,1995-08-18,False
PESI,1995-08-18,False
PNRG,1995-08-18,False
RAND,1995-08-18,False
RCMT,1995-08-18,False
STRL,1995-08-18,False
TAYD,1995-08-18,False
TELL,1995-08-18,False
THMO,1995-08-18,False
TRIB,1995-08-18,False
UBCP,1995-08-18,False
VALU,1995-08-18,False
VBIV,1995-08-18,False
VSEC,1995-08-18,False
WASH,1995-08-18,False
WSBC,1995-08-18,False
AGM,1995-08-18,False
AGX,1995-08-18,False
AUB,1995-08-18,False
NEN,1995-08-18,False
PHX,1995-08-18,False
SIM,1995-08-18,False
UUU,1995-08-18,False
SVC,1995-08-17,False
IART,1995-08-16,False
KFRC,1995-08-15,False
DMK,1995-08-14,False
CHNR,1995-08-07,False
DIT,1995-08-04,False
RWT,1995-08-04,False
GVP,1995-07-27,False
RNR,1995-07-27,False
CIB,1995-07-26,False
TK,1995-07-20,False
DSWL,1995-07-19,False
CLMB,1995-07-18,False
ICCC,1995-07-10,False
FCX,1995-07-10,False
GIC,1995-06-27,False
NHTC,1995-06-22,False
DISH,1995-06-21,False
HA,1995-06-21,False
OBLG,1995-06-19,False
WAB,1995-06-16,False
FORD,1995-06-15,False
LECO,1995-06-13,False
PAAS,1995-06-12,False
SBGI,1995-06-07,False
SCKT,1995-06-07,False
RMD,1995-06-02,False
CWCO,1995-06-01,False
MITK,1995-05-26,False
HLIT,1995-05-24,False
NMR,1995-05-16,False
DRI,1995-05-09,False
CBZ,1995-04-27,False
TRT,1995-04-24,False
TAIT,1995-04-19,False
COR,1995-04-04,False
AMPG,1995-03-20,False
ASML,1995-03-16,False
DLTR,1995-03-09,False
ACIW,1995-02-27,False
STRT,1995-02-24,False
QUAD,1995-02-09,False
AZTA,1995-02-02,False
USNA,1995-02-01,False
TBI,1995-02-01,False
MLAB,1995-01-25,False
NSIT,1995-01-25,False
UPBD,1995-01-25,False
CIGI,1995-01-20,False
MIND,1994-12-28,False
USAP,1994-12-28,False
MSN,1994-12-28,False
IRS,1994-12-20,False
CYD,1994-12-19,False
TEO,1994-12-09,False
STM,1994-12-08,False
VECO,1994-11-29,False
TGS,1994-11-17,False
COF,1994-11-16,False
MCK,1994-11-15,False
NWBI,1994-11-08,False
UHAL,1994-11-04,False
HDSN,1994-11-02,False
BSAC,1994-10-31,False
MCO,1994-10-31,False
SIG,1994-10-31,False
SJM,1994-10-31,False
CVLG,1994-10-28,False
BMO,1994-10-27,False
KEP,1994-10-27,False
AZPN,1994-10-26,False
CARV,1994-10-26,False
TSEM,1994-10-26,False
KNX,1994-10-25,False
SSYS,1994-10-21,False
KGC,1994-10-19,False
O,1994-10-18,False
PKX,1994-10-14,False
RELX,1994-10-07,False
RS,1994-09-16,False
WVVI,1994-09-15,False
SIRI,1994-09-13,False
DAR,1994-09-09,False
PNBK,1994-09-01,False
VRE,1994-08-25,False
AMED,1994-08-18,False
ADTN,1994-08-10,False
MATW,1994-08-10,False
MLR,1994-08-02,False
GEO,1994-07-28,False
AIV,1994-07-22,False
GBX,1994-07-14,False
HMNF,1994-06-30,False
FR,1994-06-24,False
IMAX,1994-06-10,False
HIW,1994-06-08,False
ESS,1994-06-07,False
TGB,1994-06-02,False
PENN,1994-05-26,False
SSD,1994-05-26,False
ABCB,1994-05-19,False
SYPR,1994-05-19,False
NKTR,1994-05-03,False
DYNT,1994-04-25,False
ADC,1994-04-15,False
AEO,1994-04-14,False
SMBC,1994-04-12,False
EXP,1994-04-12,False
LNG,1994-04-04,False
LARK,1994-03-28,False
MPAA,1994-03-23,False
FLEX,1994-03-18,False
SCSC,1994-03-18,False
CPRT,1994-03-17,False
NNBR,1994-03-15,False
AVB,1994-03-11,False
ZEUS,1994-03-10,False
MAC,1994-03-10,False
ACHC,1994-03-04,False
BCRX,1994-03-04,False
BZH,1994-02-23,False
ALB,1994-02-22,False
SILC,1994-02-18,False
TSCO,1994-02-18,False
MLM,1994-02-17,False
PMD,1994-02-17,False
RYN,1994-02-17,False
DAKT,1994-02-10,False
NEOG,1994-02-10,False
SGMA,1994-02-09,False
RGCO,1994-02-01,False
MAA,1994-01-28,False
HAIN,1994-01-20,False
ITI,1994-01-04,False
NOK,1994-01-03,False
CAT,1994-01-01,False
DIS,1994-01-01,False
HPQ,1994-01-01,False
HWM,1994-01-01,False
IBM,1994-01-01,False
BA,1994-01-01,False
DD,1994-01-01,False
GE,1994-01-01,False
KO,1994-01-01,False
AEP,1994-01-01,False
CNP,1994-01-01,False
CVX,1994-01-01,False
DTE,1994-01-01,False
HON,1994-01-01,False
JNJ,1994-01-01,False
MCD,1994-01-01,False
MMM,1994-01-01,False
MRK,1994-01-01,False
MRO,1994-01-01,False
RTX,1994-01-01,False
XOM,1994-01-01,False
ED,1994-01-01,False
FL,1994-01-01,False
GT,1994-01-01,False
IP,1994-01-01,False
MO,1994-01-01,False
PG,1994-01-01,False
AXP,1994-01-01,False
BMY,1994-01-01,False
EMR,1994-01-01,False
ETN,1994-01-01,False
ETR,1994-01-01,False
HAL,1994-01-01,False
LLY,1994-01-01,False
PBI,1994-01-01,False
PCG,1994-01-01,False
PEP,1994-01-01,False
PFE,1994-01-01,False
SJW,1994-01-01,False
TXN,1994-01-01,False
UIS,1994-01-01,False
WFC,1994-01-01,False
DE,1994-01-01,False
F,1994-01-01,False
WMT,1994-01-01,False
ALCO,1994-01-01,False
APOG,1994-01-01,False
BF-A,1994-01-01,False
MATX,1994-01-01,False
ALE,1994-01-01,False
AVT,1994-01-01,False
AXR,1994-01-01,False
BRT,1994-01-01,False
CHE,1994-01-01,False
DCO,1994-01-01,False
FRT,1994-01-01,False
GFF,1994-01-01,False
GTY,1994-01-01,False
NYT,1994-01-01,False
PHI,1994-01-01,False
PNR,1994-01-01,False
SVT,1994-01-01,False
TPC,1994-01-01,False
BK,1994-01-01,False
WY,1994-01-01,False
SYY,1994-01-01,False
SONY,1994-01-01,False
TM,1994-01-01,False
LMT,1994-01-01,False
MSI,1994-01-01,False
XRX,1994-01-01,False
BP,1994-01-01,False
CL,1994-01-01,False
GD,1994-01-01,False
KR,1994-01-01,False
C,1994-01-01,False
NC,1994-01-01,False
FDX,1994-01-01,False
APA,1994-01-01,False
EIX,1994-01-01,False
EXC,1994-01-01,False
LUV,1994-01-01,False
LXU,1994-01-01,False
PEG,1994-01-01,False
UNP,1994-01-01,False
R,1994-01-01,False
BIO,1994-01-01,False
MDC,1994-01-01,False
INTC,1994-01-01,False
HMC,1994-01-01,False
ROG,1994-01-01,False
SEB,1994-01-01,False
SIF,1994-01-01,False
PW,1994-01-01,False
SIEB,1994-01-01,False
BTI,1994-01-01,False
MUX,1994-01-01,False
ENZ,1994-01-01,False
ABEO,1994-01-01,False
HP,1994-01-01,False
CSX,1994-01-01,False
CBT,1994-01-01,False
PSA,1994-01-01,False
NKE,1994-01-01,False
AAPL,1994-01-01,False
HD,1994-01-01,False
BAX,1994-01-01,False
COP,1994-01-01,False
GLW,1994-01-01,False
HUM,1994-01-01,False
IFF,1994-01-01,False
LHX,1994-01-01,False
MDT,1994-01-01,False
NOC,1994-01-01,False
OXY,1994-01-01,False
ROK,1994-01-01,False
SKY,1994-01-01,False
SLB,1994-01-01,False
WMB,1994-01-01,False
BC,1994-01-01,False
SO,1994-01-01,False
LPX,1994-01-01,False
MAT,1994-01-01,False
NVO,1994-01-01,False
THC,1994-01-01,False
VLO,1994-01-01,False
FSS,1994-01-01,False
CI,1994-01-01,False
SSL,1994-01-01,False
NSC,1994-01-01,False
BCE,1994-01-01,False
ALK,1994-01-01,False
AMD,1994-01-01,False
CLX,1994-01-01,False
ADM,1994-01-01,False
RVTY,1994-01-01,False
ABT,1994-01-01,False
ADP,1994-01-01,False
AFG,1994-01-01,False
APD,1994-01-01,False
ASH,1994-01-01,False
BDX,1994-01-01,False
DUK,1994-01-01,False
GPC,1994-01-01,False
HES,1994-01-01,False
HST,1994-01-01,False
MUR,1994-01-01,False
NEM,1994-01-01,False
PPG,1994-01-01,False
TGT,1994-01-01,False
NL,1994-01-01,False
GIS,1994-01-01,False
MAS,1994-01-01,False
NEE,1994-01-01,False
WHR,1994-01-01,False
SF,1994-01-01,False
FEIM,1994-01-01,False
NUE,1994-01-01,False
CASY,1994-01-01,False
VZ,1994-01-01,False
RRX,1994-01-01,False
ATO,1994-01-01,False
AVY,1994-01-01,False
COO,1994-01-01,False
JPM,1994-01-01,False
BN,1994-01-01,False
CP,1994-01-01,False
AIRT,1994-01-01,False
GLT,1994-01-01,False
WSO,1994-01-01,False
ABM,1994-01-01,False
ADI,1994-01-01,False
AFL,1994-01-01,False
AIR,1994-01-01,False
ALX,1994-01-01,False
AME,1994-01-01,False
ARW,1994-01-01,False
NWL,1994-01-01,False
PNW,1994-01-01,False
AP,1994-01-01,False
T,1994-01-01,False
PNM,1994-01-01,False
ES,1994-01-01,False
AAME,1994-01-01,False
ALOT,1994-01-01,False
AMAT,1994-01-01,False
AMGN,1994-01-01,False
AROW,1994-01-01,False
ARTW,1994-01-01,False
ASYS,1994-01-01,False
ATRI,1994-01-01,False
ATRO,1994-01-01,False
BALL,1994-01-01,False
BF-B,1994-01-01,False
BRID,1994-01-01,False
BSET,1994-01-01,False
CACI,1994-01-01,False
CAMP,1994-01-01,False
CBRL,1994-01-01,False
CBSH,1994-01-01,False
DOMH,1994-01-01,False
MTRN,1994-01-01,False
SWKS,1994-01-01,False
ACU,1994-01-01,False
AEM,1994-01-01,False
AIG,1994-01-01,False
AIT,1994-01-01,False
AJG,1994-01-01,False
AMS,1994-01-01,False
AON,1994-01-01,False
AOS,1994-01-01,False
ARL,1994-01-01,False
ASB,1994-01-01,False
AZZ,1994-01-01,False
BDL,1994-01-01,False
BEN,1994-01-01,False
BKH,1994-01-01,False
BMI,1994-01-01,False
BOH,1994-01-01,False
BRC,1994-01-01,False
BRN,1994-01-01,False
CAG,1994-01-01,False
CAL,1994-01-01,False
PRG,1994-01-01,False
TAP,1994-01-01,False
WRB,1994-01-01,False
AE,1994-01-01,False
CB,1994-01-01,False
B,1994-01-01,False
D,1994-01-01,False
LNC,1994-01-01,False
NI,1994-01-01,False
TXT,1994-01-01,False
WEC,1994-01-01,False
CXT,1994-01-01,False
WGO,1994-01-01,False
CVS,1994-01-01,False
GWW,1994-01-01,False
KMB,1994-01-01,False
K,1994-01-01,False
CCK,1994-01-01,False
CMI,1994-01-01,False
HAS,1994-01-01,False
WWW,1994-01-01,False
CMS,1994-01-01,False
GOLD,1994-01-01,False
HL,1994-01-01,False
JCI,1994-01-01,False
PPL,1994-01-01,False
BBY,1994-01-01,False
SON,1994-01-01,False
BIG,1994-01-01,False
ADSK,1994-01-01,False
BBWI,1994-01-01,False
SPXC,1994-01-01,False
TGNA,1994-01-01,False
AEG,1994-01-01,False
CPB,1994-01-01,False
DOV,1994-01-01,False
FMC,1994-01-01,False
GCO,1994-01-01,False
HSY,1994-01-01,False
LOW,1994-01-01,False
OKE,1994-01-01,False
PHM,1994-01-01,False
SHW,1994-01-01,False
SNA,1994-01-01,False
SWK,1994-01-01,False
TKR,1994-01-01,False
VFC,1994-01-01,False
WBA,1994-01-01,False
PH,1994-01-01,False
TT,1994-01-01,False
SUP,1994-01-01,False
CNA,1994-01-01,False
NVR,1994-01-01,False
NEU,1994-01-01,False
XEL,1994-01-01,False
CADE,1994-01-01,False
PCH,1994-01-01,False
CBU,1994-01-01,False
ARKR,1994-01-01,False
WTS,1994-01-01,False
CHD,1994-01-01,False
ALRN,1994-01-01,False
ORCL,1994-01-01,False
MSFT,1994-01-01,False
EFX,1994-01-01,False
GHI,1994-01-01,False
WTM,1994-01-01,False
BAC,1994-01-01,False
BCPC,1994-01-01,False
VHI,1994-01-01,False
ASTE,1994-01-01,False
COST,1994-01-01,False
PCAR,1994-01-01,False
ROST,1994-01-01,False
GGG,1994-01-01,False
GSK,1994-01-01,False
JWN,1994-01-01,False
PGR,1994-01-01,False
STT,1994-01-01,False
TRV,1994-01-01,False
TSN,1994-01-01,False
IMO,1994-01-01,False
AMWD,1994-01-01,False
BDN,1994-01-01,False
CLFD,1994-01-01,False
ADBE,1994-01-01,False
BCS,1994-01-01,False
IDA,1994-01-01,False
UNM,1994-01-01,False
COHU,1994-01-01,False
HRB,1994-01-01,False
CCEP,1994-01-01,False
WBS,1994-01-01,False
WDC,1994-01-01,False
NHC,1994-01-01,False
TER,1994-01-01,False
CATO,1994-01-01,False
FUN,1994-01-01,False
BHP,1994-01-01,False
TEF,1994-01-01,False
DCI,1994-01-01,False
MBI,1994-01-01,False
PVH,1994-01-01,False
L,1994-01-01,False
DLX,1994-01-01,False
GPS,1994-01-01,False
SCI,1994-01-01,False
IEP,1994-01-01,False
NBN,1994-01-01,False
HRTX,1994-01-01,False
NFG,1994-01-01,False
TMO,1994-01-01,False
MYE,1994-01-01,False
PII,1994-01-01,False
EBF,1994-01-01,False
AIN,1994-01-01,False
VGR,1994-01-01,False
SJT,1994-01-01,False
BXMT,1994-01-01,False
GATX,1994-01-01,False
LUMN,1994-01-01,False
NVRI,1994-01-01,False
PEAK,1994-01-01,False
CLF,1994-01-01,False
CMC,1994-01-01,False
CRS,1994-01-01,False
CSL,1994-01-01,False
CTS,1994-01-01,False
DHR,1994-01-01,False
EQT,1994-01-01,False
FLO,1994-01-01,False
HOG,1994-01-01,False
HXL,1994-01-01,False
IPG,1994-01-01,False
ITW,1994-01-01,False
JEF,1994-01-01,False
KBH,1994-01-01,False
KEY,1994-01-01,False
KMT,1994-01-01,False
LEE,1994-01-01,False
LEG,1994-01-01,False
LEN,1994-01-01,False
MDU,1994-01-01,False
REX,1994-01-01,False
TCI,1994-01-01,False
UHT,1994-01-01,False
USB,1994-01-01,False
CW,1994-01-01,False
HE,1994-01-01,False
SR,1994-01-01,False
AVA,1994-01-01,False
SHEL,1994-01-01,False
WTRG,1994-01-01,False
IHT,1994-01-01,False
MMC,1994-01-01,False
MSB,1994-01-01,False
MTR,1994-01-01,False
NJR,1994-01-01,False
NPK,1994-01-01,False
NRT,1994-01-01,False
OGE,1994-01-01,False
OLN,1994-01-01,False
OXM,1994-01-01,False
PBT,1994-01-01,False
PHG,1994-01-01,False
PKE,1994-01-01,False
PPC,1994-01-01,False
RES,1994-01-01,False
RJF,1994-01-01,False
RLI,1994-01-01,False
ROL,1994-01-01,False
SBR,1994-01-01,False
SCX,1994-01-01,False
SEE,1994-01-01,False
SFE,1994-01-01,False
SMP,1994-01-01,False
SWN,1994-01-01,False
SWX,1994-01-01,False
SXI,1994-01-01,False
TDW,1994-01-01,False
THO,1994-01-01,False
TOL,1994-01-01,False
TRN,1994-01-01,False
TRP,1994-01-01,False
TTC,1994-01-01,False
TYL,1994-01-01,False
GL,1994-01-01,False
NX,1994-01-01,False
TR,1994-01-01,False
TWIN,1994-01-01,False
CAH,1994-01-01,False
TPL,1994-01-01,False
VSH,1994-01-01,False
UL,1994-01-01,False
ECL,1994-01-01,False
EQC,1994-01-01,False
LNT,1994-01-01,False
LZB,1994-01-01,False
SAN,1994-01-01,False
SLM,1994-01-01,False
SXT,1994-01-01,False
TJX,1994-01-01,False
UGI,1994-01-01,False
UNF,1994-01-01,False
UVV,1994-01-01,False
VMC,1994-01-01,False
VNO,1994-01-01,False
WMK,1994-01-01,False
WST,1994-01-01,False
MOS,1994-01-01,False
SYK,1994-01-01,False
TFX,1994-01-01,False
AB,1994-01-01,False
AVD,1994-01-01,False
PNC,1994-01-01,False
CMT,1994-01-01,False
MAN,1994-01-01,False
CIA,1994-01-01,False
BBVA,1994-01-01,False
MTH,1994-01-01,False
OMI,1994-01-01,False
PAR,1994-01-01,False
VOD,1994-01-01,False
BOOM,1994-01-01,False
CCL,1994-01-01,False
XOMA,1994-01-01,False
LCII,1994-01-01,False
MU,1994-01-01,False
BPT,1994-01-01,False
SCHW,1994-01-01,False
DDS,1994-01-01,False
IEX,1994-01-01,False
MAG,1994-01-01,False
DX,1994-01-01,False
EAT,1994-01-01,False
HURC,1994-01-01,False
TROW,1994-01-01,False
ERIC,1994-01-01,False
EOG,1994-01-01,False
CGNX,1994-01-01,False
HRL,1994-01-01,False
MKL,1994-01-01,False
CAR,1994-01-01,False
MGM,1994-01-01,False
SNV,1994-01-01,False
TG,1994-01-01,False
J,1994-01-01,False
GHC,1994-01-01,False
CTRA,1994-01-01,False
UDR,1994-01-01,False
MEI,1994-01-01,False
VLY,1994-01-01,False
AGYS,1994-01-01,False
BANF,1994-01-01,False
BPOP,1994-01-01,False
CDNS,1994-01-01,False
CDZI,1994-01-01,False
CINF,1994-01-01,False
CLDX,1994-01-01,False
CNMD,1994-01-01,False
COHR,1994-01-01,False
COKE,1994-01-01,False
CRUS,1994-01-01,False
CSCO,1994-01-01,False
CTAS,1994-01-01,False
CULP,1994-01-01,False
DAIO,1994-01-01,False
DGII,1994-01-01,False
DSGR,1994-01-01,False
DWSN,1994-01-01,False
DXYN,1994-01-01,False
EXPD,1994-01-01,False
FARM,1994-01-01,False
FAST,1994-01-01,False
FELE,1994-01-01,False
FFBC,1994-01-01,False
FITB,1994-01-01,False
FRPH,1994-01-01,False
FSTR,1994-01-01,False
FULT,1994-01-01,False
GIII,1994-01-01,False
GNTX,1994-01-01,False
GSBC,1994-01-01,False
HBAN,1994-01-01,False
HCSG,1994-01-01,False
HELE,1994-01-01,False
HOLX,1994-01-01,False
HTLD,1994-01-01,False
IDCC,1994-01-01,False
IMGN,1994-01-01,False
JBHT,1994-01-01,False
JJSF,1994-01-01,False
JKHY,1994-01-01,False
JOUT,1994-01-01,False
KAMN,1994-01-01,False
KLAC,1994-01-01,False
KLIC,1994-01-01,False
KTCC,1994-01-01,False
LAKE,1994-01-01,False
LANC,1994-01-01,False
LRCX,1994-01-01,False
LSCC,1994-01-01,False
LYTS,1994-01-01,False
MERC,1994-01-01,False
MGEE,1994-01-01,False
MGPI,1994-01-01,False
MGRC,1994-01-01,False
MLKN,1994-01-01,False
MSEX,1994-01-01,False
NDSN,1994-01-01,False
NSSC,1994-01-01,False
NTRS,1994-01-01,False
NWLI,1994-01-01,False
OTTR,1994-01-01,False
PAYX,1994-01-01,False
PEGY,1994-01-01,False
PKOH,1994-01-01,False
PLAB,1994-01-01,False
PLXS,1994-01-01,False
POWL,1994-01-01,False
PTSI,1994-01-01,False
RELL,1994-01-01,False
RGEN,1994-01-01,False
RGLD,1994-01-01,False
SBCF,1994-01-01,False
SEIC,1994-01-01,False
SHYF,1994-01-01,False
SIGI,1994-01-01,False
SKYW,1994-01-01,False
STKL,1994-01-01,False
TEVA,1994-01-01,False
TILE,1994-01-01,False
TRST,1994-01-01,False
TSRI,1994-01-01,False
UBSI,1994-01-01,False
UFCS,1994-01-01,False
USEG,1994-01-01,False
USLM,1994-01-01,False
WAFD,1994-01-01,False
WDFC,1994-01-01,False
WERN,1994-01-01,False
WEYS,1994-01-01,False
WSFS,1994-01-01,False
ZION,1994-01-01,False
AWR,1994-01-01,False
CFR,1994-01-01,False
CLH,1994-01-01,False
CMA,1994-01-01,False
CPE,1994-01-01,False
CPF,1994-01-01,False
CPK,1994-01-01,False
CRK,1994-01-01,False
CUZ,1994-01-01,False
CWT,1994-01-01,False
FHN,1994-01-01,False
FLS,1994-01-01,False
FUL,1994-01-01,False
GEN,1994-01-01,False
HNI,1994-01-01,False
IGT,1994-01-01,False
KWR,1994-01-01,False
LNN,1994-01-01,False
MCY,1994-01-01,False
MGA,1994-01-01,False
MKC,1994-01-01,False
MOD,1994-01-01,False
MSA,1994-01-01,False
MTW,1994-01-01,False
MTZ,1994-01-01,False
NNN,1994-01-01,False
NWN,1994-01-01,False
ODC,1994-01-01,False
ODP,1994-01-01,False
OII,1994-01-01,False
OMC,1994-01-01,False
ONB,1994-01-01,False
ORI,1994-01-01,False
OSK,1994-01-01,False
PTC,1994-01-01,False
RGR,1994-01-01,False
RPM,1994-01-01,False
SSP,1994-01-01,False
SSY,1994-01-01,False
TEX,1994-01-01,False
TFC,1994-01-01,False
UFI,1994-01-01,False
UHS,1994-01-01,False
UNH,1994-01-01,False
VMI,1994-01-01,False
WLY,1994-01-01,False
WOR,1994-01-01,False
WPP,1994-01-01,False
WSM,1994-01-01,False
EA,1994-01-01,False
FI,1994-01-01,False
RF,1994-01-01,False
ASRV,1994-01-01,False
AXGN,1994-01-01,False
CSPI,1994-01-01,False
CSWC,1994-01-01,False
INDB,1994-01-01,False
ITIC,1994-01-01,False
PATK,1994-01-01,False
TRNS,1994-01-01,False
UMBF,1994-01-01,False
ENB,1994-01-01,False
EVI,1994-01-01,False
OFG,1994-01-01,False
STC,1994-01-01,False
TMP,1994-01-01,False
MCS,1994-01-01,False
LH,1994-01-01,False
ELSE,1994-01-01,False
TTI,1994-01-01,False
CDE,1994-01-01,False
VGZ,1994-01-01,False
BKTI,1994-01-01,False
BHE,1994-01-01,False
RIO,1994-01-01,False
WKC,1994-01-01,False
EXPO,1994-01-01,False
DY,1994-01-01,False
ESE,1994-01-01,False
DDD,1994-01-01,False
CATY,1994-01-01,False
AVNW,1994-01-01,False
MLI,1994-01-01,False
NBR,1994-01-01,False
DORM,1994-01-01,False
REGN,1994-01-01,False
AZO,1994-01-01,False
X,1994-01-01,False
XRAY,1994-01-01,False
GFI,1994-01-01,False
PRK,1994-01-01,False
HAE,1994-01-01,False
IONS,1994-01-01,False
LCUT,1994-01-01,False
RGS,1994-01-01,False
IDXX,1994-01-01,False
AES,1994-01-01,False
ATGE,1994-01-01,False
CRVL,1994-01-01,False
DIN,1994-01-01,False
ALKS,1994-01-01,False
VRTX,1994-01-01,False
MNRO,1994-01-01,True
PRGS,1994-01-01,False
MTG,1994-01-01,False
ZBRA,1994-01-01,False
IPAR,1994-01-01,False
KEX,1994-01-01,False
EZPW,1994-01-01,False
MGIC,1994-01-01,False
PRA,1994-01-01,False
BOKF,1994-01-01,False
FIZZ,1994-01-01,False
BIIB,1994-01-01,False
KMPR,1994-01-01,False
TDS,1994-01-01,False
NR,1994-01-01,False
WM,1994-01-01,False
MTB,1994-01-01,False
NHI,1994-01-01,False
CVM,1994-01-01,False
ODFL,1994-01-01,False
RHP,1994-01-01,False
TTE,1994-01-01,False
JAN,1994-01-01,False
APH,1994-01-01,False
WNC,1994-01-01,False
ATNI,1994-01-01,False
HMN,1994-01-01,False
KIM,1994-01-01,False
VICR,1994-01-01,False
WRLD,1994-01-01,False
ACNT,1994-01-01,False
JBSS,1994-01-01,False
OI,1994-01-01,False
AMSC,1994-01-01,False
QCOM,1994-01-01,False
PRGO,1994-01-01,False
TTEK,1994-01-01,False
CDP,1994-01-01,False
POCI,1994-01-01,False
GILD,1994-01-01,False
GBCI,1994-01-01,False
SMG,1994-01-01,False
M,1994-01-01,False
ROP,1994-01-01,False
CMTL,1994-01-01,False
ALNT,1994-01-01,False
DJCO,1994-01-01,False
DXLG,1994-01-01,False
ESCA,1994-01-01,False
FICO,1994-01-01,False
FLXS,1994-01-01,False
FRME,1994-01-01,False
FUND,1994-01-01,False
HIFS,1994-01-01,False
KEQU,1994-01-01,False
KOSS,1994-01-01,False
SCHL,1994-01-01,False
FBP,1994-01-01,False
GVA,1994-01-01,False
HVT,1994-01-01,False
BH,1994-01-01,False
MAYS,1994-01-01,False
MMSI,1994-01-01,False
MRTN,1994-01-01,False
MTRX,1994-01-01,False
ONTO,1994-01-01,False
SNPS,1994-01-01,False
MODG,1994-01-01,False
CRT,1994-01-01,False
CVR,1994-01-01,False
STAA,1994-01-01,False
NEON,1994-01-01,False
QDEL,1994-01-01,False
THFF,1994-01-01,False
TRMB,1994-01-01,False
TRMK,1994-01-01,False
BRO,1994-01-01,False
TNC,1994-01-01,False
AN,1994-01-01,False
JACK,1994-01-01,False
LCTX,1994-01-01,False
JOE,1994-01-01,False
RHI,1994-01-01,False
VOXX,1994-01-01,False
CVBF,1994-01-01,False
DINO,1994-01-01,False
DIOD,1994-01-01,False
ELME,1994-01-01,False
ICAD,1994-01-01,False
IIIN,1994-01-01,False
MIDD,1994-01-01,False
NBTB,1994-01-01,False
OSUR,1994-01-01,False
SMTC,1994-01-01,False
TISI,1994-01-01,False
USAU,1994-01-01,False
VIRC,1994-01-01,False
WABC,1994-01-01,False
DVN,1994-01-01,False
DXR,1994-01-01,False
EGP,1994-01-01,False
EML,1994-01-01,False
ESP,1994-01-01,False
FRD,1994-01-01,False
GHM,1994-01-01,False
GRC,1994-01-01,False
HEI,1994-01-01,False
HOV,1994-01-01,False
IOR,1994-01-01,False
JOB,1994-01-01,False
LGL,1994-01-01,False
OLP,1994-01-01,False
RDI,1994-01-01,False
SCL,1994-01-01,False
SGC,1994-01-01,False
STZ,1994-01-01,False
TRC,1994-01-01,False
USM,1994-01-01,False
UTL,1994-01-01,False
VAL,1994-01-01,False
WEN,1994-01-01,False
UG,1994-01-01,False
ELA,1994-01-01,False
MBOT,1994-01-01,False
ICUI,1994-01-01,False
MHK,1994-01-01,False
ASUR,1994-01-01,False
KOPN,1994-01-01,False
AGCO,1994-01-01,False
STBA,1994-01-01,False
LNW,1994-01-01,False
OFIX,1994-01-01,False
RNST,1994-01-01,False
BKE,1994-01-01,False
ARCB,1994-01-01,False
MEOH,1994-01-01,False
BSX,1994-01-01,False
KSS,1994-01-01,False
BLFS,1994-01-01,False
INTZ,1994-01-01,False
USPH,1994-01-01,False
STE,1994-01-01,False
FC,1994-01-01,False
CACC,1994-01-01,False
DHI,1994-01-01,False
FCF,1994-01-01,False
COLB,1994-01-01,False
PRMW,1994-01-01,False
DDC,1994-01-01,False
SBUX,1994-01-01,False
WIRE,1994-01-01,False
OHI,1994-01-01,False
FCFS,1994-01-01,False
LTC,1994-01-01,False
FUNC,1994-01-01,False
CTO,1994-01-01,False
EQS,1994-01-01,False
CAKE,1994-01-01,False
ASGN,1994-01-01,False
LFUS,1994-01-01,False
BLX,1994-01-01,False
CECO,1994-01-01,False
ERNA,1994-01-01,False
MTX,1994-01-01,False
PDCO,1994-01-01,False
RDN,1994-01-01,False
SFNC,1994-01-01,False
KAI,1994-01-01,False
ASXC,1994-01-01,False
BIOL,1994-01-01,False
LGND,1994-01-01,False
FBNC,1994-01-01,False
TECH,1994-01-01,False
GPK,1994-01-01,False
AAON,1994-01-01,False
SM,1994-01-01,False
ULBI,1994-01-01,False
RRC,1994-01-01,False
IAC,1994-01-01,False
EGY,1994-01-01,False
RCKY,1994-01-01,False
WOLF,1994-01-01,False
PEBO,1994-01-01,False
AORT,1994-01-01,False
UEIC,1994-01-01,False
CHCO,1994-01-01,False
CRH,1994-01-01,False
CVU,1994-01-01,False
CPSS,1994-01-01,False
MS,1994-01-01,False
ELS,1994-01-01,False
NATH,1994-01-01,False
EDUC,1994-01-01,False
STRS,1994-01-01,False
FNB,1994-01-01,False
WT,1994-01-01,False
LSTR,1994-01-01,False
TATT,1994-01-01,False
SCVL,1994-01-01,False
ETD,1994-01-01,False
LDWY,1994-01-01,False
MCHP,1994-01-01,False
ALG,1994-01-01,False
INTU,1994-01-01,False
SNT,1994-01-01,False
CHS,1994-01-01,False
GILT,1994-01-01,False
SYBT,1994-01-01,False
GBR,1994-01-01,False
CHDN,1994-01-01,False
TARO,1994-01-01,False
AMRN,1994-01-01,False
FOSL,1994-01-01,False
TCBK,1994-01-01,False
ORLY,1994-01-01,False
ATR,1994-01-01,False
RCL,1994-01-01,False
JBL,1994-01-01,False
ANIK,1994-01-01,False
NTZ,1994-01-01,False
CTBI,1994-01-01,False
AZN,1994-01-01,False
TWI,1994-01-01,False
GABC,1994-01-01,False
AKR,1994-01-01,False
HR,1994-01-01,False
RIG,1994-01-01,False
SKT,1994-01-01,False
ALL,1994-01-01,False
PZZA,1994-01-01,False
THRM,1994-01-01,False
BBSI,1994-01-01,False
CYAN,1994-01-01,False
SANM,1994-01-01,False
NSYS,1994-01-01,False
YPF,1994-01-01,False
CENT,1994-01-01,False
PFC,1994-01-01,False
CPT,1994-01-01,False
MCRI,1994-01-01,False
INOD,1994-01-01,False
EQR,1994-01-01,False
BWA,1994-01-01,False
OPY,1994-01-01,False
FLL,1994-01-01,False
BFS,1994-01-01,False
WINA,1994-01-01,False
RAVE,1994-01-01,False
FTEK,1994-01-01,False
NTIC,1994-01-01,False
KOF,1994-01-01,False
CASH,1994-01-01,False
SQM,1994-01-01,False
TLF,1994-01-01,False
MOV,1994-01-01,False
IT,1994-01-01,False
QCRH,1994-01-01,False
SGA,1994-01-01,False
MAR,1994-01-01,False
DECK,1994-01-01,False
BYD,1994-01-01,False
LXP,1994-01-01,False
NRIM,1994-01-01,False
RVSB,1994-01-01,False
FONR,1994-01-01,False
HWKN,1994-01-01,False
NAII,1994-01-01,False
REG,1994-01-01,False
FFIN,1994-01-01,False
PTEN,1994-01-01,False
MHO,1994-01-01,False
INCY,1994-01-01,False
HHS,1994-01-01,False
ITRI,1994-01-01,False
ROCK,1994-01-01,False
CRMT,1994-01-01,False
RMCF,1994-01-01,False
URBN,1994-01-01,False
CNTY,1994-01-01,False
UFPI,1994-01-01,False
FWRD,1994-01-01,False
RDUS,1994-01-01,False
NYCB,1994-01-01,False
BBAR,1994-01-01,False
BDC,1994-01-01,False
SU,1994-01-01,False
UMH,1994-01-01,False
SUI,1994-01-01,False
SHOO,1994-01-01,False
EMN,1994-01-01,False
SPG,1994-01-01,False
TV,1994-01-01,False
UFPT,1994-01-01,False
REFR,1994-01-01,False
MED,1994-01-01,False
